"",".strategy_names","markov_cycle","state_names","count","id"
"1.1","I",1,"noLTBI",643,"1.1"
"1.2","I",2,"noLTBI",642.4814205,"1.2"
"1.3","I",3,"noLTBI",642.52253048343,"1.3"
"1.4","I",4,"noLTBI",642.525412103889,"1.4"
"1.5","I",5,"noLTBI",642.445729582147,"1.5"
"1.6","I",6,"noLTBI",642.324666428429,"1.6"
"1.7","I",7,"noLTBI",642.127525169677,"1.7"
"1.8","I",8,"noLTBI",641.882658139716,"1.8"
"1.9","I",9,"noLTBI",641.557680719033,"1.9"
"1.10","I",10,"noLTBI",641.179364622797,"1.10"
"1.11","I",11,"noLTBI",640.694562967053,"1.11"
"1.12","I",12,"noLTBI",640.092169443562,"1.12"
"1.13","I",13,"noLTBI",639.419463117218,"1.13"
"1.14","I",14,"noLTBI",638.645629536642,"1.14"
"1.15","I",15,"noLTBI",637.787019553632,"1.15"
"1.16","I",16,"noLTBI",636.777945992476,"1.16"
"1.17","I",17,"noLTBI",635.616924227121,"1.17"
"1.18","I",18,"noLTBI",634.333681281951,"1.18"
"1.19","I",19,"noLTBI",632.907036704762,"1.19"
"1.20","I",20,"noLTBI",631.292074146984,"1.20"
"1.21","I",21,"noLTBI",629.472877665295,"1.21"
"1.22","I",22,"noLTBI",627.422861671276,"1.22"
"1.23","I",23,"noLTBI",625.145825386759,"1.23"
"1.24","I",24,"noLTBI",622.560124431651,"1.24"
"1.25","I",25,"noLTBI",619.722493476543,"1.25"
"1.26","I",26,"noLTBI",616.537170940221,"1.26"
"1.27","I",27,"noLTBI",612.957130472644,"1.27"
"1.28","I",28,"noLTBI",609.050824226105,"1.28"
"1.29","I",29,"noLTBI",604.753261470733,"1.29"
"1.30","I",30,"noLTBI",600.035981268626,"1.30"
"1.31","I",31,"noLTBI",594.907799360583,"1.31"
"1.32","I",32,"noLTBI",589.296587427221,"1.32"
"1.33","I",33,"noLTBI",583.380131319291,"1.33"
"1.34","I",34,"noLTBI",576.836781538189,"1.34"
"1.35","I",35,"noLTBI",569.61867168568,"1.35"
"1.36","I",36,"noLTBI",561.639929819725,"1.36"
"1.37","I",37,"noLTBI",552.916021743964,"1.37"
"1.38","I",38,"noLTBI",543.390300088131,"1.38"
"1.39","I",39,"noLTBI",532.678305303412,"1.39"
"1.40","I",40,"noLTBI",521.006104398783,"1.40"
"1.41","I",41,"noLTBI",508.192466123226,"1.41"
"1.42","I",42,"noLTBI",494.457594406634,"1.42"
"1.43","I",43,"noLTBI",479.614484090244,"1.43"
"1.44","I",44,"noLTBI",463.683309101387,"1.44"
"1.45","I",45,"noLTBI",446.465763828456,"1.45"
"1.46","I",46,"noLTBI",427.840963117997,"1.46"
"1.47","I",47,"noLTBI",407.398497676819,"1.47"
"1.48","I",48,"noLTBI",385.663245246483,"1.48"
"1.49","I",49,"noLTBI",362.191396914903,"1.49"
"1.50","I",50,"noLTBI",337.422168129231,"1.50"
"1.51","I",51,"noLTBI",311.345273391065,"1.51"
"1.52","I",52,"noLTBI",284.118715979366,"1.52"
"1.53","I",53,"noLTBI",256.408499998576,"1.53"
"1.54","I",54,"noLTBI",228.28839421679,"1.54"
"1.55","I",55,"noLTBI",200.2883573457,"1.55"
"1.56","I",56,"noLTBI",172.864880362826,"1.56"
"1.57","I",57,"noLTBI",146.492007143734,"1.57"
"1.58","I",58,"noLTBI",121.98609914845,"1.58"
"1.59","I",59,"noLTBI",99.1641622501863,"1.59"
"1.60","I",60,"noLTBI",78.4781391918171,"1.60"
"1.61","I",61,"noLTBI",60.8461684072165,"1.61"
"1.62","I",62,"noLTBI",45.9724411695102,"1.62"
"1.63","I",63,"noLTBI",33.9918566524716,"1.63"
"1.64","I",64,"noLTBI",24.262074576561,"1.64"
"1.65","I",65,"noLTBI",16.6877360180575,"1.65"
"1.66","I",66,"noLTBI",11.121954416739,"1.66"
"1.67","I",1,"completeTx",44.2992721299233,"1.67"
"1.68","I",2,"completeTx",44.2335142903736,"1.68"
"1.69","I",3,"completeTx",44.1650010000893,"1.69"
"1.70","I",4,"completeTx",44.0940764249832,"1.70"
"1.71","I",5,"completeTx",44.0177098940228,"1.71"
"1.72","I",6,"completeTx",43.9387465242439,"1.72"
"1.73","I",7,"completeTx",43.8548279122573,"1.73"
"1.74","I",8,"completeTx",43.767912028818,"1.74"
"1.75","I",9,"completeTx",43.6758068347445,"1.75"
"1.76","I",10,"completeTx",43.5803577264879,"1.76"
"1.77","I",11,"completeTx",43.4779700340452,"1.77"
"1.78","I",12,"completeTx",43.3693664126972,"1.78"
"1.79","I",13,"completeTx",43.2563284960791,"1.79"
"1.80","I",14,"completeTx",43.1367939579131,"1.80"
"1.81","I",15,"completeTx",43.0118956846873,"1.81"
"1.82","I",16,"completeTx",42.8772297404882,"1.82"
"1.83","I",17,"completeTx",42.7327377639857,"1.83"
"1.84","I",18,"completeTx",42.5804639262375,"1.84"
"1.85","I",19,"completeTx",42.4190243553076,"1.85"
"1.86","I",20,"completeTx",42.2454499495481,"1.86"
"1.87","I",21,"completeTx",42.0587292853161,"1.87"
"1.88","I",22,"completeTx",41.8571460017245,"1.88"
"1.89","I",23,"completeTx",41.6410208140592,"1.89"
"1.90","I",24,"completeTx",41.4049828516768,"1.90"
"1.91","I",25,"completeTx",41.1528927540826,"1.91"
"1.92","I",26,"completeTx",40.8784688040413,"1.92"
"1.93","I",27,"completeTx",40.5786906409137,"1.93"
"1.94","I",28,"completeTx",40.2582042001009,"1.94"
"1.95","I",29,"completeTx",39.9128129629865,"1.95"
"1.96","I",30,"completeTx",39.5407497118269,"1.96"
"1.97","I",31,"completeTx",39.1427167089277,"1.97"
"1.98","I",32,"completeTx",38.7185114308664,"1.98"
"1.99","I",33,"completeTx",38.2754206579027,"1.99"
"1.100","I",34,"completeTx",37.7924269521627,"1.100"
"1.101","I",35,"completeTx",37.266549110366,"1.101"
"1.102","I",36,"completeTx",36.6923498483284,"1.102"
"1.103","I",37,"completeTx",36.0710419575817,"1.103"
"1.104","I",38,"completeTx",35.399132230621,"1.104"
"1.105","I",39,"completeTx",34.6517892908814,"1.105"
"1.106","I",40,"completeTx",33.8440248959006,"1.106"
"1.107","I",41,"completeTx",32.9643374631963,"1.107"
"1.108","I",42,"completeTx",32.02731298507,"1.108"
"1.109","I",43,"completeTx",31.0210980820929,"1.109"
"1.110","I",44,"completeTx",29.947290363542,"1.110"
"1.111","I",45,"completeTx",28.7933793396282,"1.111"
"1.112","I",46,"completeTx",27.5519124786691,"1.112"
"1.113","I",47,"completeTx",26.1968432983782,"1.113"
"1.114","I",48,"completeTx",24.7624115664165,"1.114"
"1.115","I",49,"completeTx",23.22050819924,"1.115"
"1.116","I",50,"completeTx",21.5997654900003,"1.116"
"1.117","I",51,"completeTx",19.8999201053276,"1.117"
"1.118","I",52,"completeTx",18.1314559953993,"1.118"
"1.119","I",53,"completeTx",16.3372323833362,"1.119"
"1.120","I",54,"completeTx",14.5221429934222,"1.120"
"1.121","I",55,"completeTx",12.7200554162252,"1.121"
"1.122","I",56,"completeTx",10.9599889803154,"1.122"
"1.123","I",57,"completeTx",9.2718942136047,"1.123"
"1.124","I",58,"completeTx",7.70719808898883,"1.124"
"1.125","I",59,"completeTx",6.25385251606802,"1.125"
"1.126","I",60,"completeTx",4.93989058549106,"1.126"
"1.127","I",61,"completeTx",3.82251746838555,"1.127"
"1.128","I",62,"completeTx",2.88224353621141,"1.128"
"1.129","I",63,"completeTx",2.12664062346966,"1.129"
"1.130","I",64,"completeTx",1.51457452493354,"1.130"
"1.131","I",65,"completeTx",1.03932012264841,"1.131"
"1.132","I",66,"completeTx",0.690986371214133,"1.132"
"1.133","I",1,"incompleteTx",68.0755335064717,"1.133"
"1.134","I",2,"incompleteTx",67.9164682148805,"1.134"
"1.135","I",3,"incompleteTx",67.7533939830498,"1.135"
"1.136","I",4,"incompleteTx",67.5868493653,"1.136"
"1.137","I",5,"incompleteTx",67.4121981878552,"1.137"
"1.138","I",6,"incompleteTx",67.2338187702303,"1.138"
"1.139","I",7,"incompleteTx",67.048112239405,"1.139"
"1.140","I",8,"incompleteTx",66.8580911845073,"1.140"
"1.141","I",9,"incompleteTx",66.6604185521112,"1.141"
"1.142","I",10,"incompleteTx",66.4579308647173,"1.142"
"1.143","I",11,"incompleteTx",66.2451591532608,"1.143"
"1.144","I",12,"incompleteTx",66.0232312455815,"1.144"
"1.145","I",13,"incompleteTx",65.7948832979955,"1.145"
"1.146","I",14,"incompleteTx",65.5569953179433,"1.146"
"1.147","I",15,"incompleteTx",65.3113139222898,"1.147"
"1.148","I",16,"incompleteTx",65.0511724278059,"1.148"
"1.149","I",17,"incompleteTx",64.7765198726985,"1.149"
"1.150","I",18,"incompleteTx",64.4904926715486,"1.150"
"1.151","I",19,"incompleteTx",64.191024619779,"1.151"
"1.152","I",20,"incompleteTx",63.8736577749563,"1.152"
"1.153","I",21,"incompleteTx",63.536909463801,"1.153"
"1.154","I",22,"incompleteTx",63.1782372561869,"1.154"
"1.155","I",23,"incompleteTx",62.7981822521486,"1.155"
"1.156","I",24,"incompleteTx",62.3887004249552,"1.156"
"1.157","I",25,"incompleteTx",61.9556854107858,"1.157"
"1.158","I",26,"incompleteTx",61.4897414830854,"1.158"
"1.159","I",27,"incompleteTx",60.9864110552015,"1.159"
"1.160","I",28,"incompleteTx",60.4527738598274,"1.160"
"1.161","I",29,"incompleteTx",59.882607477891,"1.161"
"1.162","I",30,"incompleteTx",59.2733558411502,"1.162"
"1.163","I",31,"incompleteTx",58.626173778063,"1.163"
"1.164","I",32,"incompleteTx",57.940857257067,"1.164"
"1.165","I",33,"incompleteTx",57.2284106821483,"1.165"
"1.166","I",34,"incompleteTx",56.4574810390081,"1.166"
"1.167","I",35,"incompleteTx",55.6237677707569,"1.167"
"1.168","I",36,"incompleteTx",54.7193197444276,"1.168"
"1.169","I",37,"incompleteTx",53.746131170841,"1.169"
"1.170","I",38,"incompleteTx",52.6991780340855,"1.170"
"1.171","I",39,"incompleteTx",51.541688017827,"1.171"
"1.172","I",40,"incompleteTx",50.2962810560835,"1.172"
"1.173","I",41,"incompleteTx",48.9460975096453,"1.173"
"1.174","I",42,"incompleteTx",47.513073245197,"1.174"
"1.175","I",43,"incompleteTx",45.9798453768037,"1.175"
"1.176","I",44,"incompleteTx",44.3490506129174,"1.176"
"1.177","I",45,"incompleteTx",42.6024253431985,"1.177"
"1.178","I",46,"incompleteTx",40.7292563442536,"1.178"
"1.179","I",47,"incompleteTx",38.6913842947714,"1.179"
"1.180","I",48,"incompleteTx",36.5398299277693,"1.180"
"1.181","I",49,"incompleteTx",34.2334322087455,"1.181"
"1.182","I",50,"incompleteTx",31.8148367998544,"1.182"
"1.183","I",51,"incompleteTx",29.2839792583607,"1.183"
"1.184","I",52,"incompleteTx",26.6566177109027,"1.184"
"1.185","I",53,"incompleteTx",23.9960580164423,"1.185"
"1.186","I",54,"incompleteTx",21.3096129356927,"1.186"
"1.187","I",55,"incompleteTx",18.6470918712877,"1.187"
"1.188","I",56,"incompleteTx",16.0510139056201,"1.188"
"1.189","I",57,"incompleteTx",13.5651034963788,"1.189"
"1.190","I",58,"incompleteTx",11.2643385009512,"1.190"
"1.191","I",59,"incompleteTx",9.13062384699014,"1.191"
"1.192","I",60,"incompleteTx",7.20445848435018,"1.192"
"1.193","I",61,"incompleteTx",5.56871428286656,"1.193"
"1.194","I",62,"incompleteTx",4.19416013598376,"1.194"
"1.195","I",63,"incompleteTx",3.09105365920266,"1.195"
"1.196","I",64,"incompleteTx",2.19878670977819,"1.196"
"1.197","I",65,"incompleteTx",1.50696133892827,"1.197"
"1.198","I",66,"incompleteTx",1.00061087614219,"1.198"
"1.199","I",1,"noTx",244.625194363605,"1.199"
"1.200","I",2,"noTx",243.954089605388,"1.200"
"1.201","I",3,"noTx",243.269090917185,"1.201"
"1.202","I",4,"noTx",242.572149298616,"1.202"
"1.203","I",5,"noTx",241.846640257279,"1.203"
"1.204","I",6,"noTx",241.108306649238,"1.204"
"1.205","I",7,"noTx",240.344258536297,"1.205"
"1.206","I",8,"noTx",239.565326828806,"1.206"
"1.207","I",9,"noTx",238.75957280855,"1.207"
"1.208","I",10,"noTx",237.937189335969,"1.208"
"1.209","I",11,"noTx",237.078616781969,"1.209"
"1.210","I",12,"noTx",236.187936126581,"1.210"
"1.211","I",13,"noTx",235.274975278277,"1.211"
"1.212","I",14,"noTx",234.328605217718,"1.212"
"1.213","I",15,"noTx",233.355110460201,"1.213"
"1.214","I",16,"noTx",232.330704860792,"1.214"
"1.215","I",17,"noTx",231.255269261062,"1.215"
"1.216","I",18,"noTx",230.140063850577,"1.216"
"1.217","I",19,"noTx",228.977764472106,"1.217"
"1.218","I",20,"noTx",227.752527352192,"1.218"
"1.219","I",21,"noTx",226.459143524612,"1.219"
"1.220","I",22,"noTx",225.088635433915,"1.220"
"1.221","I",23,"noTx",223.643026181705,"1.221"
"1.222","I",24,"noTx",222.093761482134,"1.222"
"1.223","I",25,"noTx",220.46194977902,"1.223"
"1.224","I",26,"noTx",218.714259718341,"1.224"
"1.225","I",27,"noTx",216.834979313138,"1.225"
"1.226","I",28,"noTx",214.849443091065,"1.226"
"1.227","I",29,"noTx",212.735668330158,"1.227"
"1.228","I",30,"noTx",210.484733497123,"1.228"
"1.229","I",31,"noTx",208.100909696375,"1.229"
"1.230","I",32,"noTx",205.583637852324,"1.230"
"1.231","I",33,"noTx",202.97212945905,"1.231"
"1.232","I",34,"noTx",200.15530254363,"1.232"
"1.233","I",35,"noTx",197.118165998363,"1.233"
"1.234","I",36,"noTx",193.832817237485,"1.234"
"1.235","I",37,"noTx",190.306630009582,"1.235"
"1.236","I",38,"noTx",186.52211624256,"1.236"
"1.237","I",39,"noTx",182.349448632309,"1.237"
"1.238","I",40,"noTx",177.869140914358,"1.238"
"1.239","I",41,"noTx",173.021957807645,"1.239"
"1.240","I",42,"noTx",167.885904803299,"1.240"
"1.241","I",43,"noTx",162.399997823585,"1.241"
"1.242","I",44,"noTx",156.573995341662,"1.242"
"1.243","I",45,"noTx",150.343853437419,"1.243"
"1.244","I",46,"noTx",143.672284803593,"1.244"
"1.245","I",47,"noTx",136.425253616901,"1.245"
"1.246","I",48,"noTx",128.783406678075,"1.246"
"1.247","I",49,"noTx",120.602196080378,"1.247"
"1.248","I",50,"noTx",112.032577893714,"1.248"
"1.249","I",51,"noTx",103.074856282613,"1.249"
"1.250","I",52,"noTx",93.7850390179157,"1.250"
"1.251","I",53,"noTx",84.3863338187197,"1.251"
"1.252","I",54,"noTx",74.9046515963148,"1.252"
"1.253","I",55,"noTx",65.5152486522045,"1.253"
"1.254","I",56,"noTx",56.367459307295,"1.254"
"1.255","I",57,"noTx",47.6145849441559,"1.255"
"1.256","I",58,"noTx",39.5193484317488,"1.256"
"1.257","I",59,"noTx",32.0174339902332,"1.257"
"1.258","I",60,"noTx",25.2501202827819,"1.258"
"1.259","I",61,"noTx",19.5069071991144,"1.259"
"1.260","I",62,"noTx",14.6839824000817,"1.260"
"1.261","I",63,"noTx",10.8159732765976,"1.261"
"1.262","I",64,"noTx",7.6894225950754,"1.262"
"1.263","I",65,"noTx",5.26689768841824,"1.263"
"1.264","I",66,"noTx",3.49503746270763,"1.264"
"1.265","I",1,"activeTB",0,"1.265"
"1.266","I",2,"activeTB",0.608007389357994,"1.266"
"1.267","I",3,"activeTB",0.606419563509709,"1.267"
"1.268","I",4,"activeTB",0.60479682450892,"1.268"
"1.269","I",5,"activeTB",0.603144008598831,"1.269"
"1.270","I",6,"activeTB",0.601419767498719,"1.270"
"1.271","I",7,"activeTB",0.599663221518022,"1.271"
"1.272","I",8,"activeTB",0.597842298738186,"1.272"
"1.273","I",9,"activeTB",0.595983914420466,"1.273"
"1.274","I",10,"activeTB",0.59405835245274,"1.274"
"1.275","I",11,"activeTB",0.592090946543728,"1.275"
"1.276","I",12,"activeTB",0.590033006751479,"1.276"
"1.277","I",13,"activeTB",0.587894653103606,"1.277"
"1.278","I",14,"activeTB",0.58570031563825,"1.278"
"1.279","I",15,"activeTB",0.583422266606252,"1.279"
"1.280","I",16,"activeTB",0.581076118967509,"1.280"
"1.281","I",17,"activeTB",0.578602615217731,"1.281"
"1.282","I",18,"activeTB",0.576001407019172,"1.282"
"1.283","I",19,"activeTB",0.573300489004516,"1.283"
"1.284","I",20,"activeTB",0.570481575387209,"1.284"
"1.285","I",21,"activeTB",0.567505144510721,"1.285"
"1.286","I",22,"activeTB",0.564358152845899,"1.286"
"1.287","I",23,"activeTB",0.561018158072211,"1.287"
"1.288","I",24,"activeTB",0.557490124085207,"1.288"
"1.289","I",25,"activeTB",0.55370279501012,"1.289"
"1.290","I",26,"activeTB",0.549708690772019,"1.290"
"1.291","I",27,"activeTB",0.545424617093984,"1.291"
"1.292","I",28,"activeTB",0.540811273372655,"1.292"
"1.293","I",29,"activeTB",0.535931712233254,"1.293"
"1.294","I",30,"activeTB",0.530730989598213,"1.294"
"1.295","I",31,"activeTB",0.52518671631277,"1.295"
"1.296","I",32,"activeTB",0.519309408145705,"1.296"
"1.297","I",33,"activeTB",0.513097532744189,"1.297"
"1.298","I",34,"activeTB",0.506648816397981,"1.298"
"1.299","I",35,"activeTB",0.499685883465414,"1.299"
"1.300","I",36,"activeTB",0.492171096430182,"1.300"
"1.301","I",37,"activeTB",0.484034558810415,"1.301"
"1.302","I",38,"activeTB",0.475294426313108,"1.302"
"1.303","I",39,"activeTB",0.465906770999306,"1.303"
"1.304","I",40,"activeTB",0.455547031852285,"1.304"
"1.305","I",41,"activeTB",0.444415943157865,"1.305"
"1.306","I",42,"activeTB",0.432365178243436,"1.306"
"1.307","I",43,"activeTB",0.419589277858565,"1.307"
"1.308","I",44,"activeTB",0.4059355195854,"1.308"
"1.309","I",45,"activeTB",0.391427922057536,"1.309"
"1.310","I",46,"activeTB",0.3759060125949,"1.310"
"1.311","I",47,"activeTB",0.359276125037711,"1.311"
"1.312","I",48,"activeTB",0.341202600911975,"1.312"
"1.313","I",49,"activeTB",0.322136612968118,"1.313"
"1.314","I",50,"activeTB",0.30171615071895,"1.314"
"1.315","I",51,"activeTB",0.280318262935463,"1.315"
"1.316","I",52,"activeTB",0.257943261636413,"1.316"
"1.317","I",53,"activeTB",0.234730846852534,"1.317"
"1.318","I",54,"activeTB",0.2112392681771,"1.318"
"1.319","I",55,"activeTB",0.187533219165046,"1.319"
"1.320","I",56,"activeTB",0.164051325953371,"1.320"
"1.321","I",57,"activeTB",0.141167564839045,"1.321"
"1.322","I",58,"activeTB",0.119266071525547,"1.322"
"1.323","I",59,"activeTB",0.0990052999022852,"1.323"
"1.324","I",60,"activeTB",0.0802248220646048,"1.324"
"1.325","I",61,"activeTB",0.063279251730529,"1.325"
"1.326","I",62,"activeTB",0.0488949028699973,"1.326"
"1.327","I",63,"activeTB",0.0368127628279846,"1.327"
"1.328","I",64,"activeTB",0.0271207295220379,"1.328"
"1.329","I",65,"activeTB",0.0192847362394856,"1.329"
"1.330","I",66,"activeTB",0.0132118107885348,"1.330"
"1.331","I",1,"dead",0,"1.331"
"1.332","I",2,"dead",0.8065,"1.332"
"1.333","I",3,"dead",1.68356405273617,"1.333"
"1.334","I",4,"dead",2.61671598270241,"1.334"
"1.335","I",5,"dead",3.67457807009771,"1.335"
"1.336","I",6,"dead",4.79304186036107,"1.336"
"1.337","I",7,"dead",6.02561292084553,"1.337"
"1.338","I",8,"dead",7.32816951941411,"1.338"
"1.339","I",9,"dead",8.75053717114037,"1.339"
"1.340","I",10,"dead",10.2510990975769,"1.340"
"1.341","I",11,"dead",11.9116001171286,"1.341"
"1.342","I",12,"dead",13.7372637648269,"1.342"
"1.343","I",13,"dead",15.6664551573269,"1.343"
"1.344","I",14,"dead",17.7462756541463,"1.344"
"1.345","I",15,"dead",19.9512381125839,"1.345"
"1.346","I",16,"dead",22.3818708594708,"1.346"
"1.347","I",17,"dead",25.0399462599153,"1.347"
"1.348","I",18,"dead",27.8792968626666,"1.348"
"1.349","I",19,"dead",30.9318493590408,"1.349"
"1.350","I",20,"dead",34.2658092009318,"1.350"
"1.351","I",21,"dead",37.9048349164654,"1.351"
"1.352","I",22,"dead",41.888761484051,"1.352"
"1.353","I",23,"dead",46.2109272072563,"1.353"
"1.354","I",24,"dead",50.9949406854981,"1.354"
"1.355","I",25,"dead",56.153275784559,"1.355"
"1.356","I",26,"dead",61.8306503635385,"1.356"
"1.357","I",27,"dead",68.0973639010096,"1.357"
"1.358","I",28,"dead",74.8479433495294,"1.358"
"1.359","I",29,"dead",82.1797180459985,"1.359"
"1.360","I",30,"dead",90.1344486916755,"1.360"
"1.361","I",31,"dead",98.6972137397386,"1.361"
"1.362","I",32,"dead",107.941096624376,"1.362"
"1.363","I",33,"dead",117.630810348864,"1.363"
"1.364","I",34,"dead",128.251359110613,"1.364"
"1.365","I",35,"dead",139.873159551369,"1.365"
"1.366","I",36,"dead",152.623412253604,"1.366"
"1.367","I",37,"dead",166.476140559221,"1.367"
"1.368","I",38,"dead",181.51397897829,"1.368"
"1.369","I",39,"dead",198.312861984571,"1.369"
"1.370","I",40,"dead",216.528901703023,"1.370"
"1.371","I",41,"dead",236.43072515313,"1.371"
"1.372","I",42,"dead",257.683749381556,"1.372"
"1.373","I",43,"dead",280.564985349416,"1.373"
"1.374","I",44,"dead",305.040419060906,"1.374"
"1.375","I",45,"dead",331.40315012924,"1.375"
"1.376","I",46,"dead",359.829677242893,"1.376"
"1.377","I",47,"dead",390.928744988093,"1.377"
"1.378","I",48,"dead",423.909903980344,"1.378"
"1.379","I",49,"dead",459.430329983765,"1.379"
"1.380","I",50,"dead",496.828935536481,"1.380"
"1.381","I",51,"dead",536.115652699698,"1.381"
"1.382","I",52,"dead",577.05022803478,"1.382"
"1.383","I",53,"dead",618.637144936073,"1.383"
"1.384","I",54,"dead",660.763958989603,"1.384"
"1.385","I",55,"dead",702.641713495418,"1.385"
"1.386","I",56,"dead",743.59260611799,"1.386"
"1.387","I",57,"dead",782.915242637287,"1.387"
"1.388","I",58,"dead",819.403749758336,"1.388"
"1.389","I",59,"dead",853.33492209662,"1.389"
"1.390","I",60,"dead",884.047166633495,"1.390"
"1.391","I",61,"dead",910.192413390686,"1.391"
"1.392","I",62,"dead",932.218277855343,"1.392"
"1.393","I",63,"dead",949.93766302543,"1.393"
"1.394","I",64,"dead",964.30802086413,"1.394"
"1.395","I",65,"dead",975.479800095708,"1.395"
"1.396","I",66,"dead",983.678199062408,"1.396"
"2.1","I",1,"noLTBI",683,"2.1"
"2.2","I",2,"noLTBI",682.4491605,"2.2"
"2.3","I",3,"noLTBI",682.421651238403,"2.3"
"2.4","I",4,"noLTBI",682.353746127613,"2.4"
"2.5","I",5,"noLTBI",682.198373333118,"2.5"
"2.6","I",6,"noLTBI",681.999286038672,"2.6"
"2.7","I",7,"noLTBI",681.719660670388,"2.7"
"2.8","I",8,"noLTBI",681.389617752287,"2.8"
"2.9","I",9,"noLTBI",680.974796968593,"2.9"
"2.10","I",10,"noLTBI",680.503636272142,"2.10"
"2.11","I",11,"noLTBI",679.919748190191,"2.11"
"2.12","I",12,"noLTBI",679.213891757176,"2.12"
"2.13","I",13,"noLTBI",678.433738699755,"2.13"
"2.14","I",14,"noLTBI",677.54661755637,"2.14"
"2.15","I",15,"noLTBI",676.56990184505,"2.15"
"2.16","I",16,"noLTBI",675.433936413887,"2.16"
"2.17","I",17,"noLTBI",674.137184581026,"2.17"
"2.18","I",18,"noLTBI",672.711219835758,"2.18"
"2.19","I",19,"noLTBI",671.133619034329,"2.19"
"2.20","I",20,"noLTBI",669.356792772027,"2.20"
"2.21","I",21,"noLTBI",667.363916361109,"2.21"
"2.22","I",22,"noLTBI",665.12686237388,"2.22"
"2.23","I",23,"noLTBI",662.649723537965,"2.23"
"2.24","I",24,"noLTBI",659.846024231388,"2.24"
"2.25","I",25,"noLTBI",656.775979637806,"2.25"
"2.26","I",26,"noLTBI",653.338181505727,"2.26"
"2.27","I",27,"noLTBI",649.482888695077,"2.27"
"2.28","I",28,"noLTBI",645.282743236332,"2.28"
"2.29","I",29,"noLTBI",640.66898945306,"2.29"
"2.30","I",30,"noLTBI",635.611583214727,"2.30"
"2.31","I",31,"noLTBI",630.119981734418,"2.31"
"2.32","I",32,"noLTBI",624.125804542249,"2.32"
"2.33","I",33,"noLTBI",617.809402189736,"2.33"
"2.34","I",34,"noLTBI",610.830226546241,"2.34"
"2.35","I",35,"noLTBI",603.137720585922,"2.35"
"2.36","I",36,"noLTBI",594.641124838328,"2.36"
"2.37","I",37,"noLTBI",585.356998060263,"2.37"
"2.38","I",38,"noLTBI",575.225557740857,"2.38"
"2.39","I",39,"noLTBI",563.840016995362,"2.39"
"2.40","I",40,"noLTBI",551.439936187258,"2.40"
"2.41","I",41,"noLTBI",537.833759443398,"2.41"
"2.42","I",42,"noLTBI",523.254809007105,"2.42"
"2.43","I",43,"noLTBI",507.505440079355,"2.43"
"2.44","I",44,"noLTBI",490.60726613321,"2.44"
"2.45","I",45,"noLTBI",472.350746477536,"2.45"
"2.46","I",46,"noLTBI",452.60830207374,"2.46"
"2.47","I",47,"noLTBI",430.946121151172,"2.47"
"2.48","I",48,"noLTBI",407.919864034713,"2.48"
"2.49","I",49,"noLTBI",383.060498693165,"2.49"
"2.50","I",50,"noLTBI",356.832980980796,"2.50"
"2.51","I",51,"noLTBI",329.226831727564,"2.51"
"2.52","I",52,"noLTBI",300.409501577569,"2.52"
"2.53","I",53,"noLTBI",271.085538666767,"2.53"
"2.54","I",54,"noLTBI",241.333159065494,"2.54"
"2.55","I",55,"noLTBI",211.712770929999,"2.55"
"2.56","I",56,"noLTBI",182.706970341607,"2.56"
"2.57","I",57,"noLTBI",154.816728945291,"2.57"
"2.58","I",58,"noLTBI",128.904606337111,"2.58"
"2.59","I",59,"noLTBI",104.776811991712,"2.59"
"2.60","I",60,"noLTBI",82.9104257080076,"2.60"
"2.61","I",61,"noLTBI",64.2749063662871,"2.61"
"2.62","I",62,"noLTBI",48.5569351488974,"2.62"
"2.63","I",63,"noLTBI",35.8981137824498,"2.63"
"2.64","I",64,"noLTBI",25.6191437490023,"2.64"
"2.65","I",65,"noLTBI",17.618534433309,"2.65"
"2.66","I",66,"noLTBI",11.7404534213587,"2.66"
"2.67","I",1,"completeTx",25.767892118461,"2.67"
"2.68","I",2,"completeTx",25.7296422594004,"2.68"
"2.69","I",3,"completeTx",25.6897896165048,"2.69"
"2.70","I",4,"completeTx",25.6485343833597,"2.70"
"2.71","I",5,"completeTx",25.6041136866611,"2.71"
"2.72","I",6,"completeTx",25.5581824671186,"2.72"
"2.73","I",7,"completeTx",25.5093688944247,"2.73"
"2.74","I",8,"completeTx",25.4588118762128,"2.74"
"2.75","I",9,"completeTx",25.4052363525005,"2.75"
"2.76","I",10,"completeTx",25.3497157489758,"2.76"
"2.77","I",11,"completeTx",25.2901591267951,"2.77"
"2.78","I",12,"completeTx",25.2269868383123,"2.78"
"2.79","I",13,"completeTx",25.1612352198169,"2.79"
"2.80","I",14,"completeTx",25.0917046624105,"2.80"
"2.81","I",15,"completeTx",25.0190541407309,"2.81"
"2.82","I",16,"completeTx",24.9407219841217,"2.82"
"2.83","I",17,"completeTx",24.8566742451074,"2.83"
"2.84","I",18,"completeTx",24.7680999721024,"2.84"
"2.85","I",19,"completeTx",24.6741941978682,"2.85"
"2.86","I",20,"completeTx",24.5732298626299,"2.86"
"2.87","I",21,"completeTx",24.4646186439601,"2.87"
"2.88","I",22,"completeTx",24.3473621732614,"2.88"
"2.89","I",23,"completeTx",24.221647003416,"2.89"
"2.90","I",24,"completeTx",24.0843490195419,"2.90"
"2.91","I",25,"completeTx",23.9377138689713,"2.91"
"2.92","I",26,"completeTx",23.7780876178074,"2.92"
"2.93","I",27,"completeTx",23.603713390071,"2.93"
"2.94","I",28,"completeTx",23.4172936220876,"2.94"
"2.95","I",29,"completeTx",23.2163872931862,"2.95"
"2.96","I",30,"completeTx",22.9999664524779,"2.96"
"2.97","I",31,"completeTx",22.7684395901806,"2.97"
"2.98","I",32,"completeTx",22.521688902966,"2.98"
"2.99","I",33,"completeTx",22.2639529473294,"2.99"
"2.100","I",34,"completeTx",21.9830063514823,"2.100"
"2.101","I",35,"completeTx",21.6771150164021,"2.101"
"2.102","I",36,"completeTx",21.3431161959409,"2.102"
"2.103","I",37,"completeTx",20.9817153437066,"2.103"
"2.104","I",38,"completeTx",20.5908805393132,"2.104"
"2.105","I",39,"completeTx",20.1561679284553,"2.105"
"2.106","I",40,"completeTx",19.6863095134919,"2.106"
"2.107","I",41,"completeTx",19.1746150820934,"2.107"
"2.108","I",42,"completeTx",18.6295689785389,"2.108"
"2.109","I",43,"completeTx",18.0442763581125,"2.109"
"2.110","I",44,"completeTx",17.4196665142659,"2.110"
"2.111","I",45,"completeTx",16.7484623759381,"2.111"
"2.112","I",46,"completeTx",16.0263289727522,"2.112"
"2.113","I",47,"completeTx",15.2381156506827,"2.113"
"2.114","I",48,"completeTx",14.4037389139255,"2.114"
"2.115","I",49,"completeTx",13.5068483396071,"2.115"
"2.116","I",50,"completeTx",12.564098689884,"2.116"
"2.117","I",51,"completeTx",11.5753367896468,"2.117"
"2.118","I",52,"completeTx",10.5466609173581,"2.118"
"2.119","I",53,"completeTx",9.50300132095565,"2.119"
"2.120","I",54,"completeTx",8.44720456999563,"2.120"
"2.121","I",55,"completeTx",7.3989706816139,"2.121"
"2.122","I",56,"completeTx",6.3751795477814,"2.122"
"2.123","I",57,"completeTx",5.39325271822164,"2.123"
"2.124","I",58,"completeTx",4.48310410857799,"2.124"
"2.125","I",59,"completeTx",3.63772561513385,"2.125"
"2.126","I",60,"completeTx",2.87342345740152,"2.126"
"2.127","I",61,"completeTx",2.22347259922038,"2.127"
"2.128","I",62,"completeTx",1.67653636119362,"2.128"
"2.129","I",63,"completeTx",1.23701910946946,"2.129"
"2.130","I",64,"completeTx",0.880994000294073,"2.130"
"2.131","I",65,"completeTx",0.604549183526196,"2.131"
"2.132","I",66,"completeTx",0.401931260101801,"2.132"
"2.133","I",1,"incompleteTx",19.0906918889569,"2.133"
"2.134","I",2,"incompleteTx",19.0460845782891,"2.134"
"2.135","I",3,"incompleteTx",19.0003530246082,"2.135"
"2.136","I",4,"incompleteTx",18.9536482568384,"2.136"
"2.137","I",5,"incompleteTx",18.9046701343779,"2.137"
"2.138","I",6,"incompleteTx",18.8546464867354,"2.138"
"2.139","I",7,"incompleteTx",18.8025680676743,"2.139"
"2.140","I",8,"incompleteTx",18.7492797095137,"2.140"
"2.141","I",9,"incompleteTx",18.6938455891246,"2.141"
"2.142","I",10,"incompleteTx",18.6370611637631,"2.142"
"2.143","I",11,"incompleteTx",18.5773927487412,"2.143"
"2.144","I",12,"incompleteTx",18.5151566252936,"2.144"
"2.145","I",13,"incompleteTx",18.4511201045894,"2.145"
"2.146","I",14,"incompleteTx",18.3844082347392,"2.146"
"2.147","I",15,"incompleteTx",18.3155108264387,"2.147"
"2.148","I",16,"incompleteTx",18.2425583152659,"2.148"
"2.149","I",17,"incompleteTx",18.165536409803,"2.149"
"2.150","I",18,"incompleteTx",18.0853246672319,"2.150"
"2.151","I",19,"incompleteTx",18.0013436536072,"2.151"
"2.152","I",20,"incompleteTx",17.9123432104494,"2.152"
"2.153","I",21,"incompleteTx",17.8179075458095,"2.153"
"2.154","I",22,"incompleteTx",17.7173236759227,"2.154"
"2.155","I",23,"incompleteTx",17.6107433436178,"2.155"
"2.156","I",24,"incompleteTx",17.4959107305714,"2.156"
"2.157","I",25,"incompleteTx",17.3744786125548,"2.157"
"2.158","I",26,"incompleteTx",17.2438121087012,"2.158"
"2.159","I",27,"incompleteTx",17.1026611603043,"2.159"
"2.160","I",28,"incompleteTx",16.9530111648855,"2.160"
"2.161","I",29,"incompleteTx",16.7931171447827,"2.161"
"2.162","I",30,"incompleteTx",16.62226229164,"2.162"
"2.163","I",31,"incompleteTx",16.4407704585825,"2.163"
"2.164","I",32,"incompleteTx",16.2485844282299,"2.164"
"2.165","I",33,"incompleteTx",16.0487902092419,"2.165"
"2.166","I",34,"incompleteTx",15.8325953514542,"2.166"
"2.167","I",35,"incompleteTx",15.5987938326397,"2.167"
"2.168","I",36,"incompleteTx",15.3451558850416,"2.168"
"2.169","I",37,"incompleteTx",15.0722407531106,"2.169"
"2.170","I",38,"incompleteTx",14.7786395321363,"2.170"
"2.171","I",39,"incompleteTx",14.4540400155885,"2.171"
"2.172","I",40,"incompleteTx",14.1047856012878,"2.172"
"2.173","I",41,"incompleteTx",13.7261482737355,"2.173"
"2.174","I",42,"incompleteTx",13.3242795950364,"2.174"
"2.175","I",43,"incompleteTx",12.8943104222164,"2.175"
"2.176","I",44,"incompleteTx",12.4369801778854,"2.176"
"2.177","I",45,"incompleteTx",11.9471671253516,"2.177"
"2.178","I",46,"incompleteTx",11.4218669128839,"2.178"
"2.179","I",47,"incompleteTx",10.8503783706445,"2.179"
"2.180","I",48,"incompleteTx",10.2470094451719,"2.180"
"2.181","I",49,"incompleteTx",9.60021718429167,"2.181"
"2.182","I",50,"incompleteTx",8.92196088019974,"2.182"
"2.183","I",51,"incompleteTx",8.21222246096421,"2.183"
"2.184","I",52,"incompleteTx",7.47542104054425,"2.184"
"2.185","I",53,"incompleteTx",6.72930973207699,"2.185"
"2.186","I",54,"incompleteTx",5.97593928205593,"2.186"
"2.187","I",55,"incompleteTx",5.22927793883517,"2.187"
"2.188","I",56,"incompleteTx",4.50124949734583,"2.188"
"2.189","I",57,"incompleteTx",3.8041157806947,"2.189"
"2.190","I",58,"incompleteTx",3.15890312683527,"2.190"
"2.191","I",59,"incompleteTx",2.56053706285357,"2.191"
"2.192","I",60,"incompleteTx",2.02037486989999,"2.192"
"2.193","I",61,"incompleteTx",1.56165663515119,"2.193"
"2.194","I",62,"incompleteTx",1.17618496344799,"2.194"
"2.195","I",63,"incompleteTx",0.866836438593034,"2.195"
"2.196","I",64,"incompleteTx",0.616614478708686,"2.196"
"2.197","I",65,"incompleteTx",0.422603145773577,"2.197"
"2.198","I",66,"incompleteTx",0.280605277009747,"2.198"
"2.199","I",1,"noTx",272.141415992582,"2.199"
"2.200","I",2,"noTx",271.394823231948,"2.200"
"2.201","I",3,"noTx",270.632773707795,"2.201"
"2.202","I",4,"noTx",269.8574378744,"2.202"
"2.203","I",5,"noTx",269.050321263461,"2.203"
"2.204","I",6,"noTx",268.228937537676,"2.204"
"2.205","I",7,"noTx",267.378946857513,"2.205"
"2.206","I",8,"noTx",266.512398428642,"2.206"
"2.207","I",9,"noTx",265.616010627767,"2.207"
"2.208","I",10,"noTx",264.701122840761,"2.208"
"2.209","I",11,"noTx",263.745975309102,"2.209"
"2.210","I",12,"noTx",262.755108054464,"2.210"
"2.211","I",13,"noTx",261.73945445979,"2.211"
"2.212","I",14,"noTx",260.686633678171,"2.212"
"2.213","I",15,"noTx",259.603637127218,"2.213"
"2.214","I",16,"noTx",258.464003120594,"2.214"
"2.215","I",17,"noTx",257.267599096549,"2.215"
"2.216","I",18,"noTx",256.026951826665,"2.216"
"2.217","I",19,"noTx",254.73391330916,"2.217"
"2.218","I",20,"noTx",253.370857612434,"2.218"
"2.219","I",21,"noTx",251.931989849139,"2.219"
"2.220","I",22,"noTx",250.407322639771,"2.220"
"2.221","I",23,"noTx",248.799106650849,"2.221"
"2.222","I",24,"noTx",247.075575719436,"2.222"
"2.223","I",25,"noTx",245.260212634395,"2.223"
"2.224","I",26,"noTx",243.315936824757,"2.224"
"2.225","I",27,"noTx",241.225268969184,"2.225"
"2.226","I",28,"noTx",239.01639330376,"2.226"
"2.227","I",29,"noTx",236.66485441988,"2.227"
"2.228","I",30,"noTx",234.160727261749,"2.228"
"2.229","I",31,"noTx",231.508763361219,"2.229"
"2.230","I",32,"noTx",228.708340756096,"2.230"
"2.231","I",33,"noTx",225.803081574306,"2.231"
"2.232","I",34,"noTx",222.669408988526,"2.232"
"2.233","I",35,"noTx",219.290645643475,"2.233"
"2.234","I",36,"noTx",215.635750381599,"2.234"
"2.235","I",37,"noTx",211.712926374232,"2.235"
"2.236","I",38,"noTx",207.502718435184,"2.236"
"2.237","I",39,"noTx",202.860695871342,"2.237"
"2.238","I",40,"noTx",197.876428859853,"2.238"
"2.239","I",41,"noTx",192.484019146421,"2.239"
"2.240","I",42,"noTx",186.770246528471,"2.240"
"2.241","I",43,"noTx",180.667267244808,"2.241"
"2.242","I",44,"noTx",174.185937432761,"2.242"
"2.243","I",45,"noTx",167.255009307937,"2.243"
"2.244","I",46,"noTx",159.833001367893,"2.244"
"2.245","I",47,"noTx",151.770801012695,"2.245"
"2.246","I",48,"noTx",143.269374771049,"2.246"
"2.247","I",49,"noTx",134.167915526906,"2.247"
"2.248","I",50,"noTx",124.634359370102,"2.248"
"2.249","I",51,"noTx",114.669044678563,"2.249"
"2.250","I",52,"noTx",104.334279155722,"2.250"
"2.251","I",53,"noTx",93.8783776364198,"2.251"
"2.252","I",54,"noTx",83.3301655738406,"2.252"
"2.253","I",55,"noTx",72.8846126569279,"2.253"
"2.254","I",56,"noTx",62.7078508070213,"2.254"
"2.255","I",57,"noTx",52.9704252348651,"2.255"
"2.256","I",58,"noTx",43.9646107151768,"2.256"
"2.257","I",59,"noTx",35.6188570241866,"2.257"
"2.258","I",60,"noTx",28.0903342994406,"2.258"
"2.259","I",61,"noTx",21.7011063010634,"2.259"
"2.260","I",62,"noTx",16.3356835470865,"2.260"
"2.261","I",63,"noTx",12.032588427732,"2.261"
"2.262","I",64,"noTx",8.55435335936319,"2.262"
"2.263","I",65,"noTx",5.85933512916791,"2.263"
"2.264","I",66,"noTx",3.88817041728997,"2.264"
"2.265","I",1,"activeTB",0,"2.265"
"2.266","I",2,"activeTB",0.57378943036243,"2.266"
"2.267","I",3,"activeTB",0.572249171618848,"2.267"
"2.268","I",4,"activeTB",0.57067616793861,"2.268"
"2.269","I",5,"activeTB",0.569074990075193,"2.269"
"2.270","I",6,"activeTB",0.567406631695997,"2.270"
"2.271","I",7,"activeTB",0.565708015600538,"2.271"
"2.272","I",8,"activeTB",0.563948892742195,"2.272"
"2.273","I",9,"activeTB",0.562154665970849,"2.273"
"2.274","I",10,"activeTB",0.560297313844202,"2.274"
"2.275","I",11,"activeTB",0.558400744423175,"2.275"
"2.276","I",12,"activeTB",0.556419047093104,"2.276"
"2.277","I",13,"activeTB",0.554361784320744,"2.277"
"2.278","I",14,"activeTB",0.552252009570713,"2.278"
"2.279","I",15,"activeTB",0.550063590401872,"2.279"
"2.280","I",16,"activeTB",0.547811264669244,"2.280"
"2.281","I",17,"activeTB",0.545439181555502,"2.281"
"2.282","I",18,"activeTB",0.542947039421503,"2.282"
"2.283","I",19,"activeTB",0.540361253237488,"2.283"
"2.284","I",20,"activeTB",0.537664608859631,"2.284"
"2.285","I",21,"activeTB",0.534819882979709,"2.285"
"2.286","I",22,"activeTB",0.531814816453381,"2.286"
"2.287","I",23,"activeTB",0.528628296994755,"2.287"
"2.288","I",24,"activeTB",0.525265042565715,"2.288"
"2.289","I",25,"activeTB",0.52165795582017,"2.289"
"2.290","I",26,"activeTB",0.517856571808405,"2.290"
"2.291","I",27,"activeTB",0.513782560539507,"2.291"
"2.292","I",28,"activeTB",0.509398962614923,"2.292"
"2.293","I",29,"activeTB",0.504765237919858,"2.293"
"2.294","I",30,"activeTB",0.499829694015149,"2.294"
"2.295","I",31,"activeTB",0.494571313423855,"2.295"
"2.296","I",32,"activeTB",0.489000071831205,"2.296"
"2.297","I",33,"activeTB",0.483114597151438,"2.297"
"2.298","I",34,"activeTB",0.477006976303428,"2.298"
"2.299","I",35,"activeTB",0.470416112422805,"2.299"
"2.300","I",36,"activeTB",0.463306682259787,"2.300"
"2.301","I",37,"activeTB",0.45561300640305,"2.301"
"2.302","I",38,"activeTB",0.447352307502084,"2.302"
"2.303","I",39,"activeTB",0.43848336960283,"2.303"
"2.304","I",40,"activeTB",0.428700874699754,"2.304"
"2.305","I",41,"activeTB",0.418193936726376,"2.305"
"2.306","I",42,"activeTB",0.406823147722498,"2.306"
"2.307","I",43,"activeTB",0.394771755519913,"2.307"
"2.308","I",44,"activeTB",0.381896229246667,"2.308"
"2.309","I",45,"activeTB",0.368219357513719,"2.309"
"2.310","I",46,"activeTB",0.353590370591692,"2.310"
"2.311","I",47,"activeTB",0.337921387323505,"2.311"
"2.312","I",48,"activeTB",0.32089694702601,"2.312"
"2.313","I",49,"activeTB",0.302941695755852,"2.313"
"2.314","I",50,"activeTB",0.283715420387169,"2.314"
"2.315","I",51,"activeTB",0.263572985508617,"2.315"
"2.316","I",52,"activeTB",0.242514915035131,"2.316"
"2.317","I",53,"activeTB",0.220672788466732,"2.317"
"2.318","I",54,"activeTB",0.198571631060508,"2.318"
"2.319","I",55,"activeTB",0.176272342373446,"2.319"
"2.320","I",56,"activeTB",0.154187286654481,"2.320"
"2.321","I",57,"activeTB",0.132667932299449,"2.321"
"2.322","I",58,"activeTB",0.112075180211134,"2.322"
"2.323","I",59,"activeTB",0.0930275884438016,"2.323"
"2.324","I",60,"activeTB",0.0753740561245185,"2.324"
"2.325","I",61,"activeTB",0.059447437854793,"2.325"
"2.326","I",62,"activeTB",0.045929655686986,"2.326"
"2.327","I",63,"activeTB",0.0345767900741768,"2.327"
"2.328","I",64,"activeTB",0.0254708422146746,"2.328"
"2.329","I",65,"activeTB",0.0181096346684221,"2.329"
"2.330","I",66,"activeTB",0.0124053951765459,"2.330"
"2.331","I",1,"dead",0,"2.331"
"2.332","I",2,"dead",0.8065,"2.332"
"2.333","I",3,"dead",1.6831832410705,"2.333"
"2.334","I",4,"dead",2.61595718985095,"2.334"
"2.335","I",5,"dead",3.67344659230711,"2.335"
"2.336","I",6,"dead",4.79154083810207,"2.336"
"2.337","I",7,"dead",6.02374749439963,"2.337"
"2.338","I",8,"dead",7.3259433406018,"2.338"
"2.339","I",9,"dead",8.74795579604384,"2.339"
"2.340","I",10,"dead",10.248166660514,"2.340"
"2.341","I",11,"dead",11.908323880747,"2.341"
"2.342","I",12,"dead",13.7324376776615,"2.342"
"2.343","I",13,"dead",15.6600897317283,"2.343"
"2.344","I",14,"dead",17.738383858739,"2.344"
"2.345","I",15,"dead",19.9418324701604,"2.345"
"2.346","I",16,"dead",22.3709689014631,"2.346"
"2.347","I",17,"dead",25.02756648596,"2.347"
"2.348","I",18,"dead",27.865456658821,"2.348"
"2.349","I",19,"dead",30.9165685517988,"2.349"
"2.350","I",20,"dead",34.2491119335998,"2.350"
"2.351","I",21,"dead",37.8867477170032,"2.351"
"2.352","I",22,"dead",41.8693143207123,"2.352"
"2.353","I",23,"dead",46.1901511671573,"2.353"
"2.354","I",24,"dead",50.9728752564972,"2.354"
"2.355","I",25,"dead",56.1299572904523,"2.355"
"2.356","I",26,"dead",61.8061253711988,"2.356"
"2.357","I",27,"dead",68.071685224824,"2.357"
"2.358","I",28,"dead",74.8211597103195,"2.358"
"2.359","I",29,"dead",82.1518864511708,"2.359"
"2.360","I",30,"dead",90.1056310853905,"2.360"
"2.361","I",31,"dead",98.6674735421758,"2.361"
"2.362","I",32,"dead",107.906581298628,"2.362"
"2.363","I",33,"dead",117.591658482236,"2.363"
"2.364","I",34,"dead",128.207755785993,"2.364"
"2.365","I",35,"dead",139.825308809138,"2.365"
"2.366","I",36,"dead",152.57154601683,"2.366"
"2.367","I",37,"dead",166.420506462284,"2.367"
"2.368","I",38,"dead",181.454851445008,"2.368"
"2.369","I",39,"dead",198.25059581965,"2.369"
"2.370","I",40,"dead",216.463838963409,"2.370"
"2.371","I",41,"dead",236.363264117625,"2.371"
"2.372","I",42,"dead",257.614272743125,"2.372"
"2.373","I",43,"dead",280.493934139988,"2.373"
"2.374","I",44,"dead",304.96825351263,"2.374"
"2.375","I",45,"dead",331.330395355724,"2.375"
"2.376","I",46,"dead",359.756910302138,"2.376"
"2.377","I",47,"dead",390.856662427482,"2.377"
"2.378","I",48,"dead",423.839115888114,"2.378"
"2.379","I",49,"dead",459.361578560274,"2.379"
"2.380","I",50,"dead",496.76288465863,"2.380"
"2.381","I",51,"dead",536.052991357754,"2.381"
"2.382","I",52,"dead",576.991622393771,"2.382"
"2.383","I",53,"dead",618.583099855314,"2.383"
"2.384","I",54,"dead",660.714959877553,"2.384"
"2.385","I",55,"dead",702.59809545025,"2.385"
"2.386","I",56,"dead",743.55456251959,"2.386"
"2.387","I",57,"dead",782.882809388627,"2.387"
"2.388","I",58,"dead",819.376700532088,"2.388"
"2.389","I",59,"dead",853.31304071767,"2.389"
"2.390","I",60,"dead",884.030067609125,"2.390"
"2.391","I",61,"dead",910.179410660423,"2.391"
"2.392","I",62,"dead",932.208730323687,"2.392"
"2.393","I",63,"dead",949.930865451681,"2.393"
"2.394","I",64,"dead",964.303423570417,"2.394"
"2.395","I",65,"dead",975.476868473555,"2.395"
"2.396","I",66,"dead",983.676434229063,"2.396"
"3.1","I",1,"noLTBI",672,"3.1"
"3.2","I",2,"noLTBI",671.458032,"3.2"
"3.3","I",3,"noLTBI",671.426987517191,"3.3"
"3.4","I",4,"noLTBI",671.356240104172,"3.4"
"3.5","I",5,"noLTBI",671.199477096524,"3.5"
"3.6","I",6,"noLTBI",670.999747264165,"3.6"
"3.7","I",7,"noLTBI",670.720821693722,"3.7"
"3.8","I",8,"noLTBI",670.392335847344,"3.8"
"3.9","I",9,"noLTBI",669.980484718048,"3.9"
"3.10","I",10,"noLTBI",669.513248069584,"3.10"
"3.11","I",11,"noLTBI",668.935149903902,"3.11"
"3.12","I",12,"noLTBI",668.237230851316,"3.12"
"3.13","I",13,"noLTBI",667.466260907942,"3.13"
"3.14","I",14,"noLTBI",666.5900977388,"3.14"
"3.15","I",15,"noLTBI",665.625835042684,"3.15"
"3.16","I",16,"noLTBI",664.504945483142,"3.16"
"3.17","I",17,"noLTBI",663.225918896068,"3.17"
"3.18","I",18,"noLTBI",661.819819702768,"3.18"
"3.19","I",19,"noLTBI",660.264589418302,"3.19"
"3.20","I",20,"noLTBI",658.51341098982,"3.20"
"3.21","I",21,"noLTBI",656.549734431841,"3.21"
"3.22","I",22,"noLTBI",654.345890572027,"3.22"
"3.23","I",23,"noLTBI",651.905908540387,"3.23"
"3.24","I",24,"noLTBI",649.144717541518,"3.24"
"3.25","I",25,"noLTBI",646.12155964197,"3.25"
"3.26","I",26,"noLTBI",642.736674874639,"3.26"
"3.27","I",27,"noLTBI",638.941132981189,"3.27"
"3.28","I",28,"noLTBI",634.806401463141,"3.28"
"3.29","I",29,"noLTBI",630.264844909522,"3.29"
"3.30","I",30,"noLTBI",625.286911257851,"3.30"
"3.31","I",31,"noLTBI",619.881908697237,"3.31"
"3.32","I",32,"noLTBI",613.982915366449,"3.32"
"3.33","I",33,"noLTBI",607.767001621678,"3.33"
"3.34","I",34,"noLTBI",600.899157798894,"3.34"
"3.35","I",35,"noLTBI",593.329653635101,"3.35"
"3.36","I",36,"noLTBI",584.969211748003,"3.36"
"3.37","I",37,"noLTBI",575.834128379568,"3.37"
"3.38","I",38,"noLTBI",565.865600424877,"3.38"
"3.39","I",39,"noLTBI",554.663467161908,"3.39"
"3.40","I",40,"noLTBI",542.463399816536,"3.40"
"3.41","I",41,"noLTBI",529.07696997283,"3.41"
"3.42","I",42,"noLTBI",514.73371052376,"3.42"
"3.43","I",43,"noLTBI",499.239203651211,"3.43"
"3.44","I",44,"noLTBI",482.614719505733,"3.44"
"3.45","I",45,"noLTBI",464.65414004427,"3.45"
"3.46","I",46,"noLTBI",445.231975102755,"3.46"
"3.47","I",47,"noLTBI",423.921494226602,"3.47"
"3.48","I",48,"noLTBI",401.269314493679,"3.48"
"3.49","I",49,"noLTBI",376.814062643996,"3.49"
"3.50","I",50,"noLTBI",351.013125742232,"3.50"
"3.51","I",51,"noLTBI",323.856206988893,"3.51"
"3.52","I",52,"noLTBI",295.508035618714,"3.52"
"3.53","I",53,"noLTBI",266.661673679989,"3.53"
"3.54","I",54,"noLTBI",237.394065271655,"3.54"
"3.55","I",55,"noLTBI",208.256473685819,"3.55"
"3.56","I",56,"noLTBI",179.723615186835,"3.56"
"3.57","I",57,"noLTBI",152.28827568155,"3.57"
"3.58","I",58,"noLTBI",126.798917750416,"3.58"
"3.59","I",59,"noLTBI",103.064899749094,"3.59"
"3.60","I",60,"noLTBI",81.5554894411564,"3.60"
"3.61","I",61,"noLTBI",63.2242830463372,"3.61"
"3.62","I",62,"noLTBI",47.7630548207316,"3.62"
"3.63","I",63,"noLTBI",35.3110625551356,"3.63"
"3.64","I",64,"noLTBI",25.2000869296297,"3.64"
"3.65","I",65,"noLTBI",17.330272687409,"3.65"
"3.66","I",66,"noLTBI",11.5483143544507,"3.66"
"3.67","I",1,"completeTx",49.4311679855056,"3.67"
"3.68","I",2,"completeTx",49.3577923597479,"3.68"
"3.69","I",3,"completeTx",49.2813420751619,"3.69"
"3.70","I",4,"completeTx",49.2022011679234,"3.70"
"3.71","I",5,"completeTx",49.1169878757206,"3.71"
"3.72","I",6,"completeTx",49.0288769111704,"3.72"
"3.73","I",7,"completeTx",48.9352366591577,"3.73"
"3.74","I",8,"completeTx",48.838251913623,"3.74"
"3.75","I",9,"completeTx",48.7354766962959,"3.75"
"3.76","I",10,"completeTx",48.6289701855238,"3.76"
"3.77","I",11,"completeTx",48.51472128297,"3.77"
"3.78","I",12,"completeTx",48.3935363606772,"3.78"
"3.79","I",13,"completeTx",48.2674034475068,"3.79"
"3.80","I",14,"completeTx",48.1340213048199,"3.80"
"3.81","I",15,"completeTx",47.9946540595339,"3.81"
"3.82","I",16,"completeTx",47.844387597139,"3.82"
"3.83","I",17,"completeTx",47.6831567953754,"3.83"
"3.84","I",18,"completeTx",47.5132426344507,"3.84"
"3.85","I",19,"completeTx",47.3331009263265,"3.85"
"3.86","I",20,"completeTx",47.139418610646,"3.86"
"3.87","I",21,"completeTx",46.9310670943288,"3.87"
"3.88","I",22,"completeTx",46.7061311828524,"3.88"
"3.89","I",23,"completeTx",46.4649687451029,"3.89"
"3.90","I",24,"completeTx",46.2015867162681,"3.90"
"3.91","I",25,"completeTx",45.9202929757048,"3.91"
"3.92","I",26,"completeTx",45.6140780940256,"3.92"
"3.93","I",27,"completeTx",45.2795718137309,"3.93"
"3.94","I",28,"completeTx",44.9219582835032,"3.94"
"3.95","I",29,"completeTx",44.5365548346057,"3.95"
"3.96","I",30,"completeTx",44.121389524093,"3.96"
"3.97","I",31,"completeTx",43.6772459685877,"3.97"
"3.98","I",32,"completeTx",43.2038981831277,"3.98"
"3.99","I",33,"completeTx",42.7094770927098,"3.99"
"3.100","I",34,"completeTx",42.1705304722246,"3.100"
"3.101","I",35,"completeTx",41.5837317577567,"3.101"
"3.102","I",36,"completeTx",40.9430137772063,"3.102"
"3.103","I",37,"completeTx",40.2497298192183,"3.103"
"3.104","I",38,"completeTx",39.4999820019838,"3.104"
"3.105","I",39,"completeTx",38.6660623319561,"3.105"
"3.106","I",40,"completeTx",37.7647216195421,"3.106"
"3.107","I",41,"completeTx",36.7831258693183,"3.107"
"3.108","I",42,"completeTx",35.7375508032326,"3.108"
"3.109","I",43,"completeTx",34.6147698746271,"3.109"
"3.110","I",44,"completeTx",33.4165657695089,"3.110"
"3.111","I",45,"completeTx",32.1289787072177,"3.111"
"3.112","I",46,"completeTx",30.7436928096858,"3.112"
"3.113","I",47,"completeTx",29.2316442124427,"3.113"
"3.114","I",48,"completeTx",27.6310392251106,"3.114"
"3.115","I",49,"completeTx",25.9105124377453,"3.115"
"3.116","I",50,"completeTx",24.1020130816668,"3.116"
"3.117","I",51,"completeTx",22.2052473173737,"3.117"
"3.118","I",52,"completeTx",20.231913619298,"3.118"
"3.119","I",53,"completeTx",18.2298362824213,"3.119"
"3.120","I",54,"completeTx",16.2044759496735,"3.120"
"3.121","I",55,"completeTx",14.1936236383363,"3.121"
"3.122","I",56,"completeTx",12.2296604516739,"3.122"
"3.123","I",57,"completeTx",10.3460065680615,"3.123"
"3.124","I",58,"completeTx",8.60004657225581,"3.124"
"3.125","I",59,"completeTx",6.97833665013019,"3.125"
"3.126","I",60,"completeTx",5.51215741525658,"3.126"
"3.127","I",61,"completeTx",4.26534103208577,"3.127"
"3.128","I",62,"completeTx",3.21614007552432,"3.128"
"3.129","I",63,"completeTx",2.37300354721902,"3.129"
"3.130","I",64,"completeTx",1.69003200659782,"3.130"
"3.131","I",65,"completeTx",1.15972125733071,"3.131"
"3.132","I",66,"completeTx",0.77103441544153,"3.132"
"3.133","I",1,"incompleteTx",30.8447290037819,"3.133"
"3.134","I",2,"incompleteTx",30.7726572099916,"3.134"
"3.135","I",3,"incompleteTx",30.6987689827647,"3.135"
"3.136","I",4,"incompleteTx",30.6233083387282,"3.136"
"3.137","I",5,"incompleteTx",30.5441746476501,"3.137"
"3.138","I",6,"incompleteTx",30.4633517071149,"3.138"
"3.139","I",7,"incompleteTx",30.3792088833647,"3.139"
"3.140","I",8,"incompleteTx",30.2931111674684,"3.140"
"3.141","I",9,"incompleteTx",30.2035465549906,"3.141"
"3.142","I",10,"incompleteTx",30.1118002619752,"3.142"
"3.143","I",11,"incompleteTx",30.0153943222564,"3.143"
"3.144","I",12,"incompleteTx",29.9148397497375,"3.144"
"3.145","I",13,"incompleteTx",29.811376284979,"3.145"
"3.146","I",14,"incompleteTx",29.703590272883,"3.146"
"3.147","I",15,"incompleteTx",29.5922730979764,"3.147"
"3.148","I",16,"incompleteTx",29.4744041149998,"3.148"
"3.149","I",17,"incompleteTx",29.3499602333859,"3.149"
"3.150","I",18,"incompleteTx",29.2203625489794,"3.150"
"3.151","I",19,"incompleteTx",29.0846748734469,"3.151"
"3.152","I",20,"incompleteTx",28.9408773324051,"3.152"
"3.153","I",21,"incompleteTx",28.7882981330209,"3.153"
"3.154","I",22,"incompleteTx",28.6257853112302,"3.154"
"3.155","I",23,"incompleteTx",28.453584037112,"3.155"
"3.156","I",24,"incompleteTx",28.2680495970396,"3.156"
"3.157","I",25,"incompleteTx",28.0718523720064,"3.157"
"3.158","I",26,"incompleteTx",27.8607351990575,"3.158"
"3.159","I",27,"incompleteTx",27.6326783650121,"3.159"
"3.160","I",28,"incompleteTx",27.3908896660504,"3.160"
"3.161","I",29,"incompleteTx",27.132549751076,"3.161"
"3.162","I",30,"incompleteTx",26.8565004766536,"3.162"
"3.163","I",31,"incompleteTx",26.5632650905492,"3.163"
"3.164","I",32,"incompleteTx",26.2527511469467,"3.164"
"3.165","I",33,"incompleteTx",25.9299446935688,"3.165"
"3.166","I",34,"incompleteTx",25.5806398156072,"3.166"
"3.167","I",35,"incompleteTx",25.2028879493862,"3.167"
"3.168","I",36,"incompleteTx",24.7930864710404,"3.168"
"3.169","I",37,"incompleteTx",24.3521389488443,"3.169"
"3.170","I",38,"incompleteTx",23.8777690229764,"3.170"
"3.171","I",39,"incompleteTx",23.3533153163788,"3.171"
"3.172","I",40,"incompleteTx",22.7890268230576,"3.172"
"3.173","I",41,"incompleteTx",22.1772645136034,"3.173"
"3.174","I",42,"incompleteTx",21.5279674340799,"3.174"
"3.175","I",43,"incompleteTx",20.8332685361691,"3.175"
"3.176","I",44,"incompleteTx",20.0943625010357,"3.176"
"3.177","I",45,"incompleteTx",19.3029741660399,"3.177"
"3.178","I",46,"incompleteTx",18.4542494161229,"3.178"
"3.179","I",47,"incompleteTx",17.530898428287,"3.179"
"3.180","I",48,"incompleteTx",16.556038475397,"3.180"
"3.181","I",49,"incompleteTx",15.5110196712261,"3.181"
"3.182","I",50,"incompleteTx",14.415164580352,"3.182"
"3.183","I",51,"incompleteTx",13.2684440040508,"3.183"
"3.184","I",52,"incompleteTx",12.077997881163,"3.184"
"3.185","I",53,"incompleteTx",10.8725098218411,"3.185"
"3.186","I",54,"incompleteTx",9.65529320625066,"3.186"
"3.187","I",55,"incompleteTx",8.44891645871295,"3.187"
"3.188","I",56,"incompleteTx",7.2726447910646,"3.188"
"3.189","I",57,"incompleteTx",6.1462895654616,"3.189"
"3.190","I",58,"incompleteTx",5.10382292392426,"3.190"
"3.191","I",59,"incompleteTx",4.13704606764639,"3.191"
"3.192","I",60,"incompleteTx",3.26430889517234,"3.192"
"3.193","I",61,"incompleteTx",2.52316029132815,"3.193"
"3.194","I",62,"incompleteTx",1.90035576850214,"3.194"
"3.195","I",63,"incompleteTx",1.40054300779281,"3.195"
"3.196","I",64,"incompleteTx",0.99626072256603,"3.196"
"3.197","I",65,"incompleteTx",0.682797647322144,"3.197"
"3.198","I",66,"incompleteTx",0.453372448559784,"3.198"
"3.199","I",1,"noTx",247.724103010713,"3.199"
"3.200","I",2,"noTx",247.044496706513,"3.200"
"3.201","I",3,"noTx",246.350820464211,"3.201"
"3.202","I",4,"noTx",245.645049998663,"3.202"
"3.203","I",5,"noTx",244.910350218622,"3.203"
"3.204","I",6,"noTx",244.162663410439,"3.204"
"3.205","I",7,"noTx",243.388936346358,"3.205"
"3.206","I",8,"noTx",242.600137142553,"3.206"
"3.207","I",9,"noTx",241.784175841288,"3.207"
"3.208","I",10,"noTx",240.95137442602,"3.208"
"3.209","I",11,"noTx",240.081925486541,"3.209"
"3.210","I",12,"noTx",239.179961700681,"3.210"
"3.211","I",13,"noTx",238.255435476723,"3.211"
"3.212","I",14,"noTx",237.297076813062,"3.212"
"3.213","I",15,"noTx",236.311249837149,"3.213"
"3.214","I",16,"noTx",235.273867081489,"3.214"
"3.215","I",17,"noTx",234.184807878156,"3.215"
"3.216","I",18,"noTx",233.055475060644,"3.216"
"3.217","I",19,"noTx",231.878451689398,"3.217"
"3.218","I",20,"noTx",230.637693282253,"3.218"
"3.219","I",21,"noTx",229.327924885872,"3.219"
"3.220","I",22,"noTx",227.940055217256,"3.220"
"3.221","I",23,"noTx",226.476133006628,"3.221"
"3.222","I",24,"noTx",224.907242242838,"3.222"
"3.223","I",25,"noTx",223.254758771183,"3.223"
"3.224","I",26,"noTx",221.484928996501,"3.224"
"3.225","I",27,"noTx",219.581841892591,"3.225"
"3.226","I",28,"noTx",217.571152924565,"3.226"
"3.227","I",29,"noTx",215.430600893632,"3.227"
"3.228","I",30,"noTx",213.151151248636,"3.228"
"3.229","I",31,"noTx",210.737129200285,"3.229"
"3.230","I",32,"noTx",208.187968590627,"3.230"
"3.231","I",33,"noTx",205.543377644417,"3.231"
"3.232","I",34,"noTx",202.690867203805,"3.232"
"3.233","I",35,"noTx",199.615256253942,"3.233"
"3.234","I",36,"noTx",196.288288739483,"3.234"
"3.235","I",37,"noTx",192.717431819563,"3.235"
"3.236","I",38,"noTx",188.884975883426,"3.236"
"3.237","I",39,"noTx",184.659448976436,"3.237"
"3.238","I",40,"noTx",180.12238478103,"3.238"
"3.239","I",41,"noTx",175.213797624408,"3.239"
"3.240","I",42,"noTx",170.012681170206,"3.240"
"3.241","I",43,"noTx",164.457278795216,"3.241"
"3.242","I",44,"noTx",158.557472592805,"3.242"
"3.243","I",45,"noTx",152.248407335348,"3.243"
"3.244","I",46,"noTx",145.492323360479,"3.244"
"3.245","I",47,"noTx",138.153486880924,"3.245"
"3.246","I",48,"noTx",130.414833128637,"3.246"
"3.247","I",49,"noTx",122.129983065958,"3.247"
"3.248","I",50,"noTx",113.451805072238,"3.248"
"3.249","I",51,"noTx",104.38060716516,"3.249"
"3.250","I",52,"noTx",94.9731066212467,"3.250"
"3.251","I",53,"noTx",85.4553387519558,"3.251"
"3.252","I",54,"noTx",75.8535427076506,"3.252"
"3.253","I",55,"noTx",66.3451949342868,"3.253"
"3.254","I",56,"noTx",57.0815215179242,"3.254"
"3.255","I",57,"noTx",48.2177658609693,"3.255"
"3.256","I",58,"noTx",40.0199790021273,"3.256"
"3.257","I",59,"noTx",32.4230304101304,"3.257"
"3.258","I",60,"noTx",25.5699884643419,"3.258"
"3.259","I",61,"noTx",19.7540204351608,"3.259"
"3.260","I",62,"noTx",14.8699988901328,"3.260"
"3.261","I",63,"noTx",10.9529898794906,"3.261"
"3.262","I",64,"noTx",7.78683209630497,"3.262"
"3.263","I",65,"noTx",5.33361867695964,"3.263"
"3.264","I",66,"noTx",3.53931254992147,"3.264"
"3.265","I",1,"activeTB",0,"3.265"
"3.266","I",2,"activeTB",0.56052172374751,"3.266"
"3.267","I",3,"activeTB",0.559045375908526,"3.267"
"3.268","I",4,"activeTB",0.55753691237041,"3.268"
"3.269","I",5,"activeTB",0.556000793603233,"3.269"
"3.270","I",6,"activeTB",0.554398905047769,"3.270"
"3.271","I",7,"activeTB",0.552767312864819,"3.271"
"3.272","I",8,"activeTB",0.55107645525294,"3.272"
"3.273","I",9,"activeTB",0.549351146001,"3.273"
"3.274","I",10,"activeTB",0.547563996423201,"3.274"
"3.275","I",11,"activeTB",0.545738361595373,"3.275"
"3.276","I",12,"activeTB",0.543829365885092,"3.276"
"3.277","I",13,"activeTB",0.541846342418025,"3.277"
"3.278","I",14,"activeTB",0.539811812625576,"3.278"
"3.279","I",15,"activeTB",0.537700224598295,"3.279"
"3.280","I",16,"activeTB",0.535525972863746,"3.280"
"3.281","I",17,"activeTB",0.533234449238598,"3.281"
"3.282","I",18,"activeTB",0.530825340523889,"3.282"
"3.283","I",19,"activeTB",0.528324453563049,"3.283"
"3.284","I",20,"activeTB",0.525714943219013,"3.284"
"3.285","I",21,"activeTB",0.522960396400866,"3.285"
"3.286","I",22,"activeTB",0.520048803068027,"3.286"
"3.287","I",23,"activeTB",0.516959493383871,"3.287"
"3.288","I",24,"activeTB",0.513697053268029,"3.288"
"3.289","I",25,"activeTB",0.510195835823542,"3.289"
"3.290","I",26,"activeTB",0.506504250186542,"3.290"
"3.291","I",27,"activeTB",0.50254565344134,"3.291"
"3.292","I",28,"activeTB",0.498283852460593,"3.292"
"3.293","I",29,"activeTB",0.493776961898,"3.293"
"3.294","I",30,"activeTB",0.488974375767376,"3.294"
"3.295","I",31,"activeTB",0.483855486191194,"3.295"
"3.296","I",32,"activeTB",0.478430002505187,"3.296"
"3.297","I",33,"activeTB",0.47269653347147,"3.297"
"3.298","I",34,"activeTB",0.466745131056248,"3.298"
"3.299","I",35,"activeTB",0.460320280276032,"3.299"
"3.300","I",36,"activeTB",0.453387340448198,"3.300"
"3.301","I",37,"activeTB",0.445881957108411,"3.301"
"3.302","I",38,"activeTB",0.437820893341386,"3.302"
"3.303","I",39,"activeTB",0.429163721969809,"3.303"
"3.304","I",40,"activeTB",0.419611518142883,"3.304"
"3.305","I",41,"activeTB",0.409349241810224,"3.305"
"3.306","I",42,"activeTB",0.398240318077791,"3.306"
"3.307","I",43,"activeTB",0.386463990818969,"3.307"
"3.308","I",44,"activeTB",0.373879639983656,"3.308"
"3.309","I",45,"activeTB",0.360509442662988,"3.309"
"3.310","I",46,"activeTB",0.346205655604916,"3.310"
"3.311","I",47,"activeTB",0.330882077504207,"3.311"
"3.312","I",48,"activeTB",0.314229648036398,"3.312"
"3.313","I",49,"activeTB",0.296663966248765,"3.313"
"3.314","I",50,"activeTB",0.277851711780944,"3.314"
"3.315","I",51,"activeTB",0.258140199236877,"3.315"
"3.316","I",52,"activeTB",0.237529781345245,"3.316"
"3.317","I",53,"activeTB",0.216149169015182,"3.317"
"3.318","I",54,"activeTB",0.194512478922916,"3.318"
"3.319","I",55,"activeTB",0.172679305251616,"3.319"
"3.320","I",56,"activeTB",0.151053552606125,"3.320"
"3.321","I",57,"activeTB",0.129979559643065,"3.321"
"3.322","I",58,"activeTB",0.109810986212713,"3.322"
"3.323","I",59,"activeTB",0.0911540283564492,"3.323"
"3.324","I",60,"activeTB",0.0738608762046106,"3.324"
"3.325","I",61,"activeTB",0.0582579212088894,"3.325"
"3.326","I",62,"activeTB",0.045013724428275,"3.326"
"3.327","I",63,"activeTB",0.0338896565688812,"3.327"
"3.328","I",64,"activeTB",0.0249664760584688,"3.328"
"3.329","I",65,"activeTB",0.017752366316204,"3.329"
"3.330","I",66,"activeTB",0.0121616097359152,"3.330"
"3.331","I",1,"dead",0,"3.331"
"3.332","I",2,"dead",0.8065,"3.332"
"3.333","I",3,"dead",1.68303558476359,"3.333"
"3.334","I",4,"dead",2.61566347814298,"3.334"
"3.335","I",5,"dead",3.67300936787983,"3.335"
"3.336","I",6,"dead",4.79096180206285,"3.336"
"3.337","I",7,"dead",6.02302910453227,"3.337"
"3.338","I",8,"dead",7.32508747375836,"3.338"
"3.339","I",9,"dead",8.74696504337666,"3.339"
"3.340","I",10,"dead",10.2470430604732,"3.340"
"3.341","I",11,"dead",11.9070706427347,"3.341"
"3.342","I",12,"dead",13.7306019717034,"3.342"
"3.343","I",13,"dead",15.6576775404313,"3.343"
"3.344","I",14,"dead",17.7354020578097,"3.344"
"3.345","I",15,"dead",19.938287738058,"3.345"
"3.346","I",16,"dead",22.3668697503663,"3.346"
"3.347","I",17,"dead",25.0229217477769,"3.347"
"3.348","I",18,"dead",27.8602747126338,"3.348"
"3.349","I",19,"dead",30.9108586389635,"3.349"
"3.350","I",20,"dead",34.2428848416566,"3.350"
"3.351","I",21,"dead",37.8800150585361,"3.351"
"3.352","I",22,"dead",41.8620889135663,"3.352"
"3.353","I",23,"dead",46.1824461773856,"3.353"
"3.354","I",24,"dead",50.964706849068,"3.354"
"3.355","I",25,"dead",56.1213404033113,"3.355"
"3.356","I",26,"dead",61.7970785855903,"3.356"
"3.357","I",27,"dead",68.0622292940357,"3.357"
"3.358","I",28,"dead",74.8113138102801,"3.358"
"3.359","I",29,"dead",82.1416726492661,"3.359"
"3.360","I",30,"dead",90.0950731169983,"3.360"
"3.361","I",31,"dead",98.6565955571493,"3.361"
"3.362","I",32,"dead",107.894036710344,"3.362"
"3.363","I",33,"dead",117.577502414154,"3.363"
"3.364","I",34,"dead",128.192059578412,"3.364"
"3.365","I",35,"dead",139.808150123539,"3.365"
"3.366","I",36,"dead",152.553011923819,"3.366"
"3.367","I",37,"dead",166.400689075697,"3.367"
"3.368","I",38,"dead",181.433851773395,"3.368"
"3.369","I",39,"dead",198.228542491351,"3.369"
"3.370","I",40,"dead",216.440855441691,"3.370"
"3.371","I",41,"dead",236.33949277803,"3.371"
"3.372","I",42,"dead",257.589849750643,"3.372"
"3.373","I",43,"dead",280.469015151957,"3.373"
"3.374","I",44,"dead",304.942999990933,"3.374"
"3.375","I",45,"dead",331.304990304462,"3.375"
"3.376","I",46,"dead",359.731553655352,"3.376"
"3.377","I",47,"dead",390.83159417424,"3.377"
"3.378","I",48,"dead",423.814545029139,"3.378"
"3.379","I",49,"dead",459.337758214826,"3.379"
"3.380","I",50,"dead",496.74003981173,"3.380"
"3.381","I",51,"dead",536.031354325285,"3.381"
"3.382","I",52,"dead",576.971416478233,"3.382"
"3.383","I",53,"dead",618.564492294778,"3.383"
"3.384","I",54,"dead",660.698110385847,"3.384"
"3.385","I",55,"dead",702.583111977593,"3.385"
"3.386","I",56,"dead",743.541504499896,"3.386"
"3.387","I",57,"dead",782.871682764314,"3.387"
"3.388","I",58,"dead",819.367422765063,"3.388"
"3.389","I",59,"dead",853.305533094642,"3.389"
"3.390","I",60,"dead",884.024194907868,"3.390"
"3.391","I",61,"dead",910.174937273879,"3.391"
"3.392","I",62,"dead",932.20543672068,"3.392"
"3.393","I",63,"dead",949.928511353793,"3.393"
"3.394","I",64,"dead",964.301821768843,"3.394"
"3.395","I",65,"dead",975.475837364662,"3.395"
"3.396","I",66,"dead",983.67580462189,"3.396"
"4.1","I",1,"noLTBI",742,"4.1"
"4.2","I",2,"noLTBI",741.401577,"4.2"
"4.3","I",3,"noLTBI",741.183821619869,"4.3"
"4.4","I",4,"noLTBI",740.922879415733,"4.4"
"4.5","I",5,"noLTBI",740.567669567823,"4.5"
"4.6","I",6,"noLTBI",740.165744302168,"4.6"
"4.7","I",7,"noLTBI",739.677183544142,"4.7"
"4.8","I",8,"noLTBI",739.134720459538,"4.8"
"4.9","I",9,"noLTBI",738.501128033456,"4.9"
"4.10","I",10,"noLTBI",737.807301839062,"4.10"
"4.11","I",11,"noLTBI",736.992154994406,"4.11"
"4.12","I",12,"noLTBI",736.052348279329,"4.12"
"4.13","I",13,"noLTBI",735.032984309527,"4.13"
"4.14","I",14,"noLTBI",733.898725536661,"4.14"
"4.15","I",15,"noLTBI",732.668459286182,"4.15"
"4.16","I",16,"noLTBI",731.266822712972,"4.16"
"4.17","I",17,"noLTBI",729.692250485144,"4.17"
"4.18","I",18,"noLTBI",727.979034198246,"4.18"
"4.19","I",19,"noLTBI",726.103008331994,"4.19"
"4.20","I",20,"noLTBI",724.012788172357,"4.20"
"4.21","I",21,"noLTBI",721.690306590571,"4.21"
"4.22","I",22,"noLTBI",719.105297329142,"4.22"
"4.23","I",23,"noLTBI",716.262353429821,"4.23"
"4.24","I",24,"noLTBI",713.068174905739,"4.24"
"4.25","I",25,"noLTBI",709.588046787298,"4.25"
"4.26","I",26,"noLTBI",705.712609683125,"4.26"
"4.27","I",27,"noLTBI",701.388372320927,"4.27"
"4.28","I",28,"noLTBI",696.694067594414,"4.28"
"4.29","I",29,"noLTBI",691.555722114517,"4.29"
"4.30","I",30,"noLTBI",685.941180241262,"4.30"
"4.31","I",31,"noLTBI",679.860952844121,"4.31"
"4.32","I",32,"noLTBI",673.262009039525,"4.32"
"4.33","I",33,"noLTBI",666.318318011645,"4.33"
"4.34","I",34,"noLTBI",658.662806868993,"4.34"
"4.35","I",35,"noLTBI",650.241292577658,"4.35"
"4.36","I",36,"noLTBI",640.956351569855,"4.36"
"4.37","I",37,"noLTBI",630.826303758742,"4.37"
"4.38","I",38,"noLTBI",619.787204682666,"4.38"
"4.39","I",39,"noLTBI",607.401256789994,"4.39"
"4.40","I",40,"noLTBI",593.927214643358,"4.40"
"4.41","I",41,"noLTBI",579.159431445456,"4.41"
"4.42","I",42,"noLTBI",563.349857084023,"4.42"
"4.43","I",43,"noLTBI",546.286341746874,"4.43"
"4.44","I",44,"noLTBI",527.992827334541,"4.44"
"4.45","I",45,"noLTBI",508.244515420282,"4.45"
"4.46","I",46,"noLTBI",486.904931066255,"4.46"
"4.47","I",47,"noLTBI",463.508292893336,"4.47"
"4.48","I",48,"noLTBI",438.653375749818,"4.48"
"4.49","I",49,"noLTBI",411.836794857438,"4.49"
"4.50","I",50,"noLTBI",383.559530887176,"4.50"
"4.51","I",51,"noLTBI",353.811324466396,"4.51"
"4.52","I",52,"noLTBI",322.773068760667,"4.52"
"4.53","I",53,"noLTBI",291.202657040856,"4.53"
"4.54","I",54,"noLTBI",259.184667756627,"4.54"
"4.55","I",55,"noLTBI",227.321371922185,"4.55"
"4.56","I",56,"noLTBI",196.131099590923,"4.56"
"4.57","I",57,"noLTBI",166.151456567823,"4.57"
"4.58","I",58,"noLTBI",138.307645964055,"4.58"
"4.59","I",59,"noLTBI",112.390663943079,"4.59"
"4.60","I",60,"noLTBI",88.9111194274754,"4.60"
"4.61","I",61,"noLTBI",68.9072673786099,"4.61"
"4.62","I",62,"noLTBI",52.0410634374282,"4.62"
"4.63","I",63,"noLTBI",38.4620266744867,"4.63"
"4.64","I",64,"noLTBI",27.4399641675501,"4.64"
"4.65","I",65,"noLTBI",18.8641469054314,"4.65"
"4.66","I",66,"noLTBI",12.5658171329872,"4.66"
"4.67","I",1,"completeTx",52.2397525531171,"4.67"
"4.68","I",2,"completeTx",52.1622078644272,"4.68"
"4.69","I",3,"completeTx",52.081413820666,"4.69"
"4.70","I",4,"completeTx",51.9977762782114,"4.70"
"4.71","I",5,"completeTx",51.9077213294752,"4.71"
"4.72","I",6,"completeTx",51.8146040681822,"4.72"
"4.73","I",7,"completeTx",51.7156433558724,"4.73"
"4.74","I",8,"completeTx",51.6131481223054,"4.74"
"4.75","I",9,"completeTx",51.5045334133968,"4.75"
"4.76","I",10,"completeTx",51.3919754060752,"4.76"
"4.77","I",11,"completeTx",51.2712350990561,"4.77"
"4.78","I",12,"completeTx",51.1431646809022,"4.78"
"4.79","I",13,"completeTx",51.0098651364779,"4.79"
"4.80","I",14,"completeTx",50.8689044751598,"4.80"
"4.81","I",15,"completeTx",50.7216186491424,"4.81"
"4.82","I",16,"completeTx",50.5628143333138,"4.82"
"4.83","I",17,"completeTx",50.3924227052919,"4.83"
"4.84","I",18,"completeTx",50.2128543462239,"4.84"
"4.85","I",19,"completeTx",50.0224773302556,"4.85"
"4.86","I",20,"completeTx",49.817790355268,"4.86"
"4.87","I",21,"completeTx",49.5976007036767,"4.87"
"4.88","I",22,"completeTx",49.3598843632641,"4.88"
"4.89","I",23,"completeTx",49.1050195363428,"4.89"
"4.90","I",24,"completeTx",48.826672643603,"4.90"
"4.91","I",25,"completeTx",48.5293963298797,"4.91"
"4.92","I",26,"completeTx",48.2057829033935,"4.92"
"4.93","I",27,"completeTx",47.8522706150497,"4.93"
"4.94","I",28,"completeTx",47.4743381669591,"4.94"
"4.95","I",29,"completeTx",47.0670368300895,"4.95"
"4.96","I",30,"completeTx",46.6282826194631,"4.96"
"4.97","I",31,"completeTx",46.1589036753025,"4.97"
"4.98","I",32,"completeTx",45.6586611726118,"4.98"
"4.99","I",33,"completeTx",45.1361480200186,"4.99"
"4.100","I",34,"completeTx",44.5665794817688,"4.100"
"4.101","I",35,"completeTx",43.9464399849379,"4.101"
"4.102","I",36,"completeTx",43.269317632294,"4.102"
"4.103","I",37,"completeTx",42.5366426037581,"4.103"
"4.104","I",38,"completeTx",41.7442955473209,"4.104"
"4.105","I",39,"completeTx",40.8629941541554,"4.105"
"4.106","I",40,"completeTx",39.9104409837273,"4.106"
"4.107","I",41,"completeTx",38.8730728375018,"4.107"
"4.108","I",42,"completeTx",37.7680901928667,"4.108"
"4.109","I",43,"completeTx",36.5815149960413,"4.109"
"4.110","I",44,"completeTx",35.3152312218474,"4.110"
"4.111","I",45,"completeTx",33.9544859215459,"4.111"
"4.112","I",46,"completeTx",32.4904907247581,"4.112"
"4.113","I",47,"completeTx",30.8925304137368,"4.113"
"4.114","I",48,"completeTx",29.2009821076553,"4.114"
"4.115","I",49,"completeTx",27.382698273874,"4.115"
"4.116","I",50,"completeTx",25.471443438024,"4.116"
"4.117","I",51,"completeTx",23.4669070652044,"4.117"
"4.118","I",52,"completeTx",21.3814523148245,"4.118"
"4.119","I",53,"completeTx",19.2656207669778,"4.119"
"4.120","I",54,"completeTx",17.1251833278975,"4.120"
"4.121","I",55,"completeTx",15.0000782282987,"4.121"
"4.122","I",56,"completeTx",12.924526403896,"4.122"
"4.123","I",57,"completeTx",10.9338469037781,"4.123"
"4.124","I",58,"completeTx",9.08868479522195,"4.124"
"4.125","I",59,"completeTx",7.37483241225542,"4.125"
"4.126","I",60,"completeTx",5.82534767317795,"4.126"
"4.127","I",61,"completeTx",4.5076895641259,"4.127"
"4.128","I",62,"completeTx",3.39887501284248,"4.128"
"4.129","I",63,"completeTx",2.50783307711322,"4.129"
"4.130","I",64,"completeTx",1.78605639780565,"4.130"
"4.131","I",65,"completeTx",1.22561440448485,"4.131"
"4.132","I",66,"completeTx",0.814843118503967,"4.132"
"4.133","I",1,"incompleteTx",1.83508364108649,"4.133"
"4.134","I",2,"incompleteTx",1.83079578465073,"4.134"
"4.135","I",3,"incompleteTx",1.8263998608922,"4.135"
"4.136","I",4,"incompleteTx",1.82191038739414,"4.136"
"4.137","I",5,"incompleteTx",1.81720238876208,"4.137"
"4.138","I",6,"incompleteTx",1.81239388952118,"4.138"
"4.139","I",7,"incompleteTx",1.80738787635893,"4.139"
"4.140","I",8,"incompleteTx",1.80226555837854,"4.140"
"4.141","I",9,"incompleteTx",1.79693698002864,"4.141"
"4.142","I",10,"incompleteTx",1.7914786042581,"4.142"
"4.143","I",11,"incompleteTx",1.78574300635871,"4.143"
"4.144","I",12,"incompleteTx",1.77976058871311,"4.144"
"4.145","I",13,"incompleteTx",1.77360510874099,"4.145"
"4.146","I",14,"incompleteTx",1.76719246210982,"4.146"
"4.147","I",15,"incompleteTx",1.76056973163882,"4.147"
"4.148","I",16,"incompleteTx",1.75355720634073,"4.148"
"4.149","I",17,"incompleteTx",1.74615351245984,"4.149"
"4.150","I",18,"incompleteTx",1.73844319701022,"4.150"
"4.151","I",19,"incompleteTx",1.73037056218058,"4.151"
"4.152","I",20,"incompleteTx",1.72181543708411,"4.152"
"4.153","I",21,"incompleteTx",1.71273785391826,"4.153"
"4.154","I",22,"incompleteTx",1.7030692774591,"4.154"
"4.155","I",23,"incompleteTx",1.69282429391362,"4.155"
"4.156","I",24,"incompleteTx",1.68178606382273,"4.156"
"4.157","I",25,"incompleteTx",1.67011345946816,"4.157"
"4.158","I",26,"incompleteTx",1.65755320418488,"4.158"
"4.159","I",27,"incompleteTx",1.64398513667671,"4.159"
"4.160","I",28,"incompleteTx",1.62960010233227,"4.160"
"4.161","I",29,"incompleteTx",1.61423036600711,"4.161"
"4.162","I",30,"incompleteTx",1.59780702484032,"4.162"
"4.163","I",31,"incompleteTx",1.5803612090589,"4.163"
"4.164","I",32,"incompleteTx",1.56188741866948,"4.164"
"4.165","I",33,"incompleteTx",1.54268229478078,"4.165"
"4.166","I",34,"incompleteTx",1.52190066731956,"4.166"
"4.167","I",35,"incompleteTx",1.49942660797519,"4.167"
"4.168","I",36,"incompleteTx",1.47504578138685,"4.168"
"4.169","I",37,"incompleteTx",1.44881194466031,"4.169"
"4.170","I",38,"incompleteTx",1.4205896675031,"4.170"
"4.171","I",39,"incompleteTx",1.3893876939871,"4.171"
"4.172","I",40,"incompleteTx",1.35581578019852,"4.172"
"4.173","I",41,"incompleteTx",1.3194194479054,"4.173"
"4.174","I",42,"incompleteTx",1.2807900130774,"4.174"
"4.175","I",43,"incompleteTx",1.2394594316714,"4.175"
"4.176","I",44,"incompleteTx",1.19549878033265,"4.176"
"4.177","I",45,"incompleteTx",1.14841573456754,"4.177"
"4.178","I",46,"incompleteTx",1.09792150250064,"4.178"
"4.179","I",47,"incompleteTx",1.04298743929162,"4.179"
"4.180","I",48,"incompleteTx",0.984988889468746,"4.180"
"4.181","I",49,"incompleteTx",0.92281629226659,"4.181"
"4.182","I",50,"incompleteTx",0.857619228936326,"4.182"
"4.183","I",51,"incompleteTx",0.789395962322133,"4.183"
"4.184","I",52,"incompleteTx",0.718571277642995,"4.184"
"4.185","I",53,"incompleteTx",0.646851684421236,"4.185"
"4.186","I",54,"incompleteTx",0.574434309684215,"4.186"
"4.187","I",55,"incompleteTx",0.502661844634445,"4.187"
"4.188","I",56,"incompleteTx",0.432680458365486,"4.188"
"4.189","I",57,"incompleteTx",0.365668812767856,"4.189"
"4.190","I",58,"incompleteTx",0.303648054536232,"4.190"
"4.191","I",59,"incompleteTx",0.246130402385064,"4.191"
"4.192","I",60,"incompleteTx",0.194207569541279,"4.192"
"4.193","I",61,"incompleteTx",0.150113498286453,"4.193"
"4.194","I",62,"incompleteTx",0.113060217925566,"4.194"
"4.195","I",63,"incompleteTx",0.0833242387029414,"4.195"
"4.196","I",64,"incompleteTx",0.0592717723022878,"4.196"
"4.197","I",65,"incompleteTx",0.0406225255738049,"4.197"
"4.198","I",66,"incompleteTx",0.0269730482498121,"4.198"
"4.199","I",1,"noTx",203.925163805796,"4.199"
"4.200","I",2,"noTx",203.365715511412,"4.200"
"4.201","I",3,"noTx",202.794684918827,"4.201"
"4.202","I",4,"noTx",202.213698426003,"4.202"
"4.203","I",5,"noTx",201.608897475381,"4.203"
"4.204","I",6,"noTx",200.993405672278,"4.204"
"4.205","I",7,"noTx",200.356477669043,"4.205"
"4.206","I",8,"noTx",199.707142360566,"4.206"
"4.207","I",9,"noTx",199.03544735795,"4.207"
"4.208","I",10,"noTx",198.349889663071,"4.208"
"4.209","I",11,"noTx",197.63416392121,"4.209"
"4.210","I",12,"noTx",196.891672130775,"4.210"
"4.211","I",13,"noTx",196.13060706132,"4.211"
"4.212","I",14,"noTx",195.341691307477,"4.212"
"4.213","I",15,"noTx",194.530163785109,"4.213"
"4.214","I",16,"noTx",193.676195819109,"4.214"
"4.215","I",17,"noTx",192.779688076282,"4.215"
"4.216","I",18,"noTx",191.850027308503,"4.216"
"4.217","I",19,"noTx",190.881107930584,"4.217"
"4.218","I",20,"noTx",189.859722210158,"4.218"
"4.219","I",21,"noTx",188.781527833699,"4.219"
"4.220","I",22,"noTx",187.639040905402,"4.220"
"4.221","I",23,"noTx",186.433947929091,"4.221"
"4.222","I",24,"noTx",185.142445398207,"4.222"
"4.223","I",25,"noTx",183.782129794889,"4.223"
"4.224","I",26,"noTx",182.325215339152,"4.224"
"4.225","I",27,"noTx",180.758604158872,"4.225"
"4.226","I",28,"noTx",179.10341569645,"4.226"
"4.227","I",29,"noTx",177.341324651462,"4.227"
"4.228","I",30,"noTx",175.464893829457,"4.228"
"4.229","I",31,"noTx",173.477683720881,"4.229"
"4.230","I",32,"noTx",171.37922826752,"4.230"
"4.231","I",33,"noTx",169.20221506876,"4.231"
"4.232","I",34,"noTx",166.854043648258,"4.232"
"4.233","I",35,"noTx",164.322217075343,"4.233"
"4.234","I",36,"noTx",161.58347511557,"4.234"
"4.235","I",37,"noTx",158.643964694615,"4.235"
"4.236","I",38,"noTx",155.489107355112,"4.236"
"4.237","I",39,"noTx",152.010676083382,"4.237"
"4.238","I",40,"noTx",148.275788973081,"4.238"
"4.239","I",41,"noTx",144.23506613746,"4.239"
"4.240","I",42,"noTx",139.953534740209,"4.240"
"4.241","I",43,"noTx",135.380357057624,"4.241"
"4.242","I",44,"noTx",130.523667976396,"4.242"
"4.243","I",45,"noTx",125.330079018148,"4.243"
"4.244","I",46,"noTx",119.768506629686,"4.244"
"4.245","I",47,"noTx",113.727215479375,"4.245"
"4.246","I",48,"noTx",107.35679687702,"4.246"
"4.247","I",49,"noTx",100.536752377493,"4.247"
"4.248","I",50,"noTx",93.3929224174808,"4.248"
"4.249","I",51,"noTx",85.9255605554997,"4.249"
"4.250","I",52,"noTx",78.1813561518702,"4.250"
"4.251","I",53,"noTx",70.3463802725681,"4.251"
"4.252","I",54,"noTx",62.4422328465903,"4.252"
"4.253","I",55,"noTx",54.6150115401442,"4.253"
"4.254","I",56,"noTx",46.9892048628123,"4.254"
"4.255","I",57,"noTx",39.6926083576232,"4.255"
"4.256","I",58,"noTx",32.9442338243543,"4.256"
"4.257","I",59,"noTx",26.6904661561344,"4.257"
"4.258","I",60,"noTx",21.0490784817889,"4.258"
"4.259","I",61,"noTx",16.2614045387784,"4.259"
"4.260","I",62,"noTx",12.2409039839422,"4.260"
"4.261","I",63,"noTx",9.01644300329449,"4.261"
"4.262","I",64,"noTx",6.41007875886246,"4.262"
"4.263","I",65,"noTx",4.39060652216638,"4.263"
"4.264","I",66,"noTx",2.91354326337569,"4.264"
"4.265","I",1,"activeTB",0,"4.265"
"4.266","I",2,"activeTB",0.433203839510432,"4.266"
"4.267","I",3,"activeTB",0.432061115715442,"4.267"
"4.268","I",4,"activeTB",0.430893590075457,"4.268"
"4.269","I",5,"activeTB",0.429704710104077,"4.269"
"4.270","I",6,"activeTB",0.428465019184361,"4.270"
"4.271","I",7,"activeTB",0.427202391434813,"4.271"
"4.272","I",8,"activeTB",0.425893980417733,"4.272"
"4.273","I",9,"activeTB",0.424558963681166,"4.273"
"4.274","I",10,"activeTB",0.423176174461697,"4.274"
"4.275","I",11,"activeTB",0.421763662828555,"4.275"
"4.276","I",12,"activeTB",0.420286747746672,"4.276"
"4.277","I",13,"activeTB",0.418752642764071,"4.277"
"4.278","I",14,"activeTB",0.417178753569974,"4.278"
"4.279","I",15,"activeTB",0.415545333423437,"4.279"
"4.280","I",16,"activeTB",0.413863507264012,"4.280"
"4.281","I",17,"activeTB",0.412091073400008,"4.281"
"4.282","I",18,"activeTB",0.410227790676283,"4.282"
"4.283","I",19,"activeTB",0.40829360379089,"4.283"
"4.284","I",20,"activeTB",0.406275495330121,"4.284"
"4.285","I",21,"activeTB",0.404145325830974,"4.285"
"4.286","I",22,"activeTB",0.401893814968394,"4.286"
"4.287","I",23,"activeTB",0.39950499024097,"4.287"
"4.288","I",24,"activeTB",0.396982396939661,"4.288"
"4.289","I",25,"activeTB",0.394275304733141,"4.289"
"4.290","I",26,"activeTB",0.391421125576077,"4.290"
"4.291","I",27,"activeTB",0.388360631978338,"4.291"
"4.292","I",28,"activeTB",0.385065856302891,"4.292"
"4.293","I",29,"activeTB",0.381581710822414,"4.293"
"4.294","I",30,"activeTB",0.377869089867562,"4.294"
"4.295","I",31,"activeTB",0.373912070174718,"4.295"
"4.296","I",32,"activeTB",0.369718157086444,"4.296"
"4.297","I",33,"activeTB",0.365286277579579,"4.297"
"4.298","I",34,"activeTB",0.360686023288697,"4.298"
"4.299","I",35,"activeTB",0.355719941584067,"4.299"
"4.300","I",36,"activeTB",0.350361266571885,"4.300"
"4.301","I",37,"activeTB",0.34456027092438,"4.301"
"4.302","I",38,"activeTB",0.338329912394613,"4.302"
"4.303","I",39,"activeTB",0.331638954237893,"4.303"
"4.304","I",40,"activeTB",0.324256404353574,"4.304"
"4.305","I",41,"activeTB",0.316325197330111,"4.305"
"4.306","I",42,"activeTB",0.307739799375429,"4.306"
"4.307","I",43,"activeTB",0.298638726579065,"4.307"
"4.308","I",44,"activeTB",0.288913319477129,"4.308"
"4.309","I",45,"activeTB",0.278580720432559,"4.309"
"4.310","I",46,"activeTB",0.267526766971929,"4.310"
"4.311","I",47,"activeTB",0.255684853844329,"4.311"
"4.312","I",48,"activeTB",0.242816165110335,"4.312"
"4.313","I",49,"activeTB",0.229241857141655,"4.313"
"4.314","I",50,"activeTB",0.214704368048623,"4.314"
"4.315","I",51,"activeTB",0.19947208611925,"4.315"
"4.316","I",52,"activeTB",0.183545289301399,"4.316"
"4.317","I",53,"activeTB",0.167023441166699,"4.317"
"4.318","I",54,"activeTB",0.150303816030204,"4.318"
"4.319","I",55,"activeTB",0.13343246451579,"4.319"
"4.320","I",56,"activeTB",0.116721491771544,"4.320"
"4.321","I",57,"activeTB",0.100436971717327,"4.321"
"4.322","I",58,"activeTB",0.0848521777943676,"4.322"
"4.323","I",59,"activeTB",0.0704355178053187,"4.323"
"4.324","I",60,"activeTB",0.057072766918774,"4.324"
"4.325","I",61,"activeTB",0.0450161203011793,"4.325"
"4.326","I",62,"activeTB",0.0347821658704089,"4.326"
"4.327","I",63,"activeTB",0.0261864977371515,"4.327"
"4.328","I",64,"activeTB",0.0192915029136955,"4.328"
"4.329","I",65,"activeTB",0.0137171409189129,"4.329"
"4.330","I",66,"activeTB",0.00939716630396481,"4.330"
"4.331","I",1,"dead",0,"4.331"
"4.332","I",2,"dead",0.8065,"4.332"
"4.333","I",3,"dead",1.68161866402991,"4.333"
"4.334","I",4,"dead",2.61284190258289,"4.334"
"4.335","I",5,"dead",3.66880452845454,"4.335"
"4.336","I",6,"dead",4.78538704866555,"4.336"
"4.337","I",7,"dead",6.01610516314818,"4.337"
"4.338","I",8,"dead",7.31682951879422,"4.338"
"4.339","I",9,"dead",8.7373952514876,"4.339"
"4.340","I",10,"dead",10.2361783130724,"4.340"
"4.341","I",11,"dead",11.89493931614,"4.341"
"4.342","I",12,"dead",13.7127675725341,"4.342"
"4.343","I",13,"dead",15.6341857411693,"4.343"
"4.344","I",14,"dead",17.7063074650222,"4.344"
"4.345","I",15,"dead",19.9036432145039,"4.345"
"4.346","I",16,"dead",22.3267464210001,"4.346"
"4.347","I",17,"dead",24.9773941474219,"4.347"
"4.348","I",18,"dead",27.8094131593404,"4.348"
"4.349","I",19,"dead",30.854742241195,"4.349"
"4.350","I",20,"dead",34.1816083298022,"4.350"
"4.351","I",21,"dead",37.8136816923044,"4.351"
"4.352","I",22,"dead",41.7908143097647,"4.352"
"4.353","I",23,"dead",46.1063498205896,"4.353"
"4.354","I",24,"dead",50.8839385916878,"4.354"
"4.355","I",25,"dead",56.0360383237319,"4.355"
"4.356","I",26,"dead",61.7074177445678,"4.356"
"4.357","I",27,"dead",67.9684071364952,"4.357"
"4.358","I",28,"dead",74.7135125835418,"4.358"
"4.359","I",29,"dead",82.0401043271019,"4.359"
"4.360","I",30,"dead",89.9899671951095,"4.360"
"4.361","I",31,"dead",98.5481864804617,"4.361"
"4.362","I",32,"dead",107.768495944587,"4.362"
"4.363","I",33,"dead",117.435350327216,"4.363"
"4.364","I",34,"dead",128.033983310372,"4.364"
"4.365","I",35,"dead",139.634903812501,"4.365"
"4.366","I",36,"dead",152.365448634322,"4.366"
"4.367","I",37,"dead",166.1997167273,"4.367"
"4.368","I",38,"dead",181.220472835003,"4.368"
"4.369","I",39,"dead",198.004046324244,"4.369"
"4.370","I",40,"dead",216.206483215282,"4.370"
"4.371","I",41,"dead",236.096684934347,"4.371"
"4.372","I",42,"dead",257.339988170448,"4.372"
"4.373","I",43,"dead",280.21368804121,"4.373"
"4.374","I",44,"dead",304.683861367406,"4.374"
"4.375","I",45,"dead",331.043923185024,"4.375"
"4.376","I",46,"dead",359.470623309829,"4.376"
"4.377","I",47,"dead",390.573288920416,"4.377"
"4.378","I",48,"dead",423.561040210928,"4.378"
"4.379","I",49,"dead",459.091696341787,"4.379"
"4.380","I",50,"dead",496.503779660334,"4.380"
"4.381","I",51,"dead",535.807339864458,"4.381"
"4.382","I",52,"dead",576.762006205694,"4.382"
"4.383","I",53,"dead",618.37146679401,"4.383"
"4.384","I",54,"dead",660.523177943171,"4.384"
"4.385","I",55,"dead",702.427444000221,"4.385"
"4.386","I",56,"dead",743.405767192232,"4.386"
"4.387","I",57,"dead",782.755982386291,"4.387"
"4.388","I",58,"dead",819.270935184038,"4.388"
"4.389","I",59,"dead",853.227471568341,"4.389"
"4.390","I",60,"dead",883.963174081098,"4.390"
"4.391","I",61,"dead",910.128508899898,"4.391"
"4.392","I",62,"dead",932.171315181991,"4.392"
"4.393","I",63,"dead",949.904186508665,"4.393"
"4.394","I",64,"dead",964.285337400566,"4.394"
"4.395","I",65,"dead",975.465292501425,"4.395"
"4.396","I",66,"dead",983.669426270579,"4.396"
